target_z,target_speed,cloud_y_spread,cloud_count,label
0.46624839305877686,0,0,0,2
0.46624839305877686,0,0,0,2
0.46624839305877686,0,0,0,2
0.46624839305877686,0,0,0,2
0.46624839305877686,0,0,0,2
0.46624839305877686,0,0.3227958119575921,43,2
0.46624839305877686,0,0,0,2
0.46624839305877686,0,0,0,2
0.46624839305877686,0,0,0,2
0.46624839305877686,0,0,0,2
0.46624839305877686,0,0,0,2
0.46624839305877686,0,0,0,2
0.46624839305877686,0,0.23982643077628,38,2
0.46624839305877686,0,0,0,2
0.46624839305877686,0,0,0,2
0.46624839305877686,0,0,0,2
0.46624839305877686,0,0,0,2
0.46624839305877686,0,0,0,2
0.46624839305877686,0,0,0,2
0.46624839305877686,0,0,0,2
0.5394102334976196,0,0,0,2
0.5394102334976196,0,0,0,2
0.5394102334976196,0,0,0,2
0.5394102334976196,0,0.3167770616978464,45,2
0.5394102334976196,0,0,0,2
0.5394102334976196,0,0,0,2
0.5394102334976196,0,0,0,2
0.5394102334976196,0,0,0,2
0.5394102334976196,0,0,0,2
0.5394102334976196,0,0,0,2
0.5394102334976196,0,0,0,2
0.5394102334976196,0,0,0,2
0.5394102334976196,0,0,0,2
0.1765643209218979,0,0.27842400558373415,75,2
0.1765643209218979,0,0.27842400558373415,75,2
0.13330477476119995,0,0.2877283961885503,12,2
0.13330477476119995,0,0.2877283961885503,12,2
0.02584581822156906,0,0.06000849683746484,7,2
0.02584581822156906,0,0.06000849683746484,7,2
-0.022469457,0,0.13887238603026544,13,2
0.152429461479187,0,0.18929409821655765,10,2
0.152429461479187,0,0.18929409821655765,10,2
0.182953342795372,0,0.25902456336024376,18,2
0.182953342795372,0,0.25902456336024376,18,2
0.182953342795372,0,0.25902456336024376,18,2
0.182953342795372,0,0.25902456336024376,18,2
0.182953342795372,0,0.25902456336024376,18,2
0.182953342795372,0,0.25902456336024376,18,2
-0.526842773,0,0.2528756704301363,56,2
-0.526842773,0,0.2528756704301363,56,2
0.24989984929561615,0,0.10074235268828516,10,2
0.24989984929561615,0,0.10074235268828516,10,2
0.00548415957018733,0,0.09612957140836012,6,2
0.00548415957018733,0,0.09612957140836012,6,2
0.019102197140455246,0,0.14367823799061846,12,2
0.019102197140455246,0,0.14367823799061846,12,2
-0.063976683,0,0.05682952215875412,9,2
-0.063976683,0,0.05682952215875412,9,2
-0.063976683,0,0.05682952215875412,9,2
-0.063976683,0,0.05682952215875412,9,2
0.13830667734146118,0,0.2231691010694702,10,2
0.30925148725509644,0,0.08049205843078278,14,2
0.4337272346019745,0,0.1885647675483421,19,2
0.4337272346019745,0,0.1885647675483421,19,2
0.47499340772628784,0,0.22755439607547784,22,2
0.47499340772628784,0,0.22755439607547784,22,2
0.47499340772628784,0,0.22755439607547784,22,2
0.47499340772628784,0,0.22755439607547784,22,2
0.47499340772628784,0,0.22755439607547784,22,2
0.5348445773124695,1,0.20677264621777217,58,2
0.5348445773124695,1,0,0,2
0.5348445773124695,1,0,0,2
0.38978850841522217,0,0.16664827374361768,20,2
0.3357231020927429,0,0.19429825739379178,13,2
0.1769949346780777,0,0.12418977545008272,6,2
0.1769949346780777,0,0.12418977545008272,6,2
0.1769949346780777,0,0.12418977545008272,6,2
0.1769949346780777,0,0.12418977545008272,6,2
0.1769949346780777,0,0.12418977545008272,6,2
0.4600217938423157,0,0.21171851111239917,59,2
0.08012973517179489,0,0,0,1
0.08012973517179489,0,0,0,1
0.08012973517179489,0,0,0,1
0.08012973517179489,0,0,0,1
0.08012973517179489,0,0.2313082823698516,29,1
0.08012973517179489,0,0.2313082823698516,29,1
0.45681101083755493,0,0.18066478963394375,13,1
0.47315388917922974,0,0.08107038288192818,10,1
0.47315388917922974,0,0.08107038288192818,10,1
0.49907705187797546,0,0.09420255363705071,15,1
0.49907705187797546,0,0.09420255363705071,15,1
0.28916823863983154,0,0.15827910239742116,13,1
0.28916823863983154,0,0.15827910239742116,13,1
0.28916823863983154,0,0.15827910239742116,13,1
0.28916823863983154,0,0.15827910239742116,13,1
0.28916823863983154,0,0.15827910239742116,13,1
0.30703026056289673,0,0.24568088739404545,49,1
0.30703026056289673,0,0,0,1
0.4483693838119507,0,0.05409810629878305,8,1
0.4483693838119507,0,0.05409810629878305,8,1
0.31714296340942383,0,0,0,1
0.31714296340942383,0,0,0,1
0.385591983795166,0,0.09553615271865885,7,1
0.385591983795166,0,0.09553615271865885,7,1
0.385591983795166,0,0.09553615271865885,7,1
0.385591983795166,0,0.09553615271865885,7,1
0.385591983795166,0,0.09553615271865885,7,1
0.385591983795166,0,0.2808288411141067,58,1
0.385591983795166,0,0.2808288411141067,58,1
0.31534498929977417,0,0.10854068838458295,12,1
0.31534498929977417,0,0.10854068838458295,12,1
0.48954761028289795,0,0.10127716583235233,18,1
0.48954761028289795,0,0,0,1
0.48954761028289795,0,0,0,1
0.48954761028289795,0,0,0,1
0.416787713766098,0,0.12232275689498763,15,1
0.416787713766098,0,0.12232275689498763,15,1
0.416787713766098,0,0.12232275689498763,15,1
0.416787713766098,0,0.12232275689498763,15,1
0.416787713766098,0,0.12232275689498763,15,1
-0.034374978,0,0,0,1
-0.108387031,0,0,1,1
-0.108387031,0,0,1,1
-0.108387031,0,0,1,1
-0.108387031,0,0,1,1
-0.108387031,0,0,1,1
-0.108387031,0,0,1,1
-0.036067404,0,0.2436538918217606,42,1
-0.036067404,0,0.2436538918217606,42,1
0.2488439679145813,0,0.303334730653488,17,1
0.2488439679145813,0,0.303334730653488,17,1
0.39074015617370605,0,0.2440653229716141,24,1
0.39074015617370605,0,0.2440653229716141,24,1
0.3796599209308624,0,0.26053018529739713,14,1
0.3796599209308624,0,0.26053018529739713,14,1
0.2666231691837311,0,0.2630550370012042,19,1
0.2666231691837311,0,0.2630550370012042,19,1
0.2666231691837311,0,0.2630550370012042,19,1
0.2666231691837311,0,0.2630550370012042,19,1
0.2666231691837311,0,0.2630550370012042,19,1
-0.067462735,-3,0,0,1
-0.067462735,-3,0,0,1
-0.067462735,-3,0,0,1
-0.067462735,-3,0,0,1
-0.067462735,-3,0,0,1
-0.067462735,-3,0,0,1
-0.067462735,-3,0,0,1
-0.067462735,-3,0.25984049334286713,26,1
-0.067462735,-3,0,0,1
-0.067462735,-3,0,0,1
-0.067462735,-3,0,0,1
-0.067462735,-3,0,0,1
-0.067462735,-3,0.19595219180452636,11,1
0.4982490539550781,-1,0.19595219180452636,11,1
0.4982490539550781,-1,0.19595219180452636,11,1
0.4982490539550781,-1,0.19595219180452636,11,1
0.4982490539550781,-1,0.19595219180452636,11,1
0.06714456528425217,1,0.3587490691337025,37,1
0.03765569254755974,1,0.08248072675999334,5,1
0.03765569254755974,1,0,0,1
0.8167979717254639,0,0,0,1
0.8167979717254639,0,0,0,1
0.8167979717254639,0,0.33308409085973933,15,1
0.8167979717254639,0,0,0,1
0.8167979717254639,0,0,0,1
0.8167979717254639,0,0,0,1
0.8167979717254639,0,0,0,1
0.8167979717254639,0,0,0,1
0.8167979717254639,0,0,0,1
0.8167979717254639,0,0,0,1
0.11804473400115967,2,0.28379334097427134,28,1
0.11804473400115967,2,0.28379334097427134,28,1
-0.190985799,3,0.14230732236653607,6,1
-0.190985799,3,0.14230732236653607,6,1
-0.190985799,3,0,0,1
-0.190985799,3,0,0,1
-0.054159567,1,0.08585980623661534,11,1
-0.054159567,1,0.08585980623661534,11,1
0.014129426330327988,1,0.20341007188302507,5,1
0.014129426330327988,1,0.20341007188302507,5,1
0.20278869569301605,0,0.13059816514657188,20,1
0.09852202236652374,0,0.21388029563356656,43,1
0.09852202236652374,0,0.21388029563356656,43,1
0.22750598192214966,0,0.14746780220732164,21,1
0.22750598192214966,0,0.14746780220732164,21,1
0.22750598192214966,0,0.14746780220732164,21,1
0.14483293890953064,0,0.1959547235740081,21,1
0.14483293890953064,0,0.1959547235740081,21,1
0.10480111837387085,0,0.23103958011987646,15,1
0.10480111837387085,0,0.23103958011987646,15,1
0.10480111837387085,0,0.23103958011987646,15,1
0.10480111837387085,0,0.23103958011987646,15,1
0.006415682379156351,2,0.12376717079488964,16,1
0.006415682379156351,2,0.12376717079488964,16,1
0.006415682379156351,2,0.12376717079488964,16,1
0.006415682379156351,2,0.12376717079488964,16,1
0.006415682379156351,2,0.12376717079488964,16,1
0.006415682379156351,2,0.12376717079488964,16,1
0.1579313427209854,3,0.2054699595201893,55,1
0.1579313427209854,3,0.2054699595201893,55,1
0.2539977729320526,0,0.18999111183872877,16,1
0.2539977729320526,0,0.18999111183872877,16,1
0.2539977729320526,0,0.18999111183872877,16,1
0.2539977729320526,0,0.18999111183872877,16,1
0.2539977729320526,0,0.18999111183872877,16,1
0.2539977729320526,0,0.279157712504704,50,1
0.08682703226804733,0,0.279157712504704,50,1
0.08682703226804733,0,0.279157712504704,50,1
0.08682703226804733,0,0.279157712504704,50,1
-0.010223689,2,0.20609311848283862,28,1
-0.010223689,2,0.20609311848283862,28,1
0.09024681150913239,1,0.11862186831263122,13,1
0.09024681150913239,1,0.11862186831263122,13,1
0.09024681150913239,1,0.11862186831263122,13,1
0.05909387767314911,2,0.23929290611007376,12,1
0.05909387767314911,2,0.23929290611007376,12,1
-0.009674813,2,0.1733187777096875,11,1
-0.009674813,2,0.1733187777096875,11,1
-0.009674813,2,0.1733187777096875,11,1
-0.009674813,2,0.1733187777096875,11,1
0.0016947686672210693,-1,0.18799631255464078,5,1
0.0016947686672210693,-1,0.18799631255464078,5,1
0.0016947686672210693,-1,0.09780171750365366,11,1
0.0016947686672210693,-1,0.07513159122052113,10,1
0.4232587218284607,-4,0.07513159122052113,10,1
0.4232587218284607,-4,0.07513159122052113,10,1
0.3793131709098816,-2,0.14445130022069844,14,1
0.3793131709098816,-2,0.14445130022069844,14,1
0.3793131709098816,-2,0.14445130022069844,14,1
0.2845173478126526,0,0.13925450233300918,32,1
0.2845173478126526,0,0.13925450233300918,32,1
0.06289349496364594,-1,0.18218886408527163,15,1
0.06289349496364594,-1,0.18218886408527163,15,1
0.06289349496364594,-1,0.18218886408527163,15,1
0.06289349496364594,-1,0.18218886408527163,15,1
0.06289349496364594,-1,0.18218886408527163,15,1
0.152368426322937,2,0.20766614336303504,28,1
0.152368426322937,2,0.20766614336303504,28,1
-0.599393129,1,0,0,1
-0.599393129,1,0,0,1
-0.073376723,0,0.0056301607999147745,5,1
-0.073376723,0,0.0056301607999147745,5,1
-0.073376723,0,0.0056301607999147745,5,1
-0.073376723,0,0.0056301607999147745,5,1
-0.073376723,0,0.0056301607999147745,5,1
0.16501474380493164,0,0.23095186768770654,41,1
0.16501474380493164,0,0.23095186768770654,41,1
0.23324918746948242,0,0.4107846066696747,8,1
0.23324918746948242,0,0.4107846066696747,8,1
0.04216790571808815,-1,0.09325078408479803,7,1
0.04216790571808815,-1,0.09325078408479803,7,1
0.04216790571808815,-1,0.09325078408479803,7,1
0.35318878293037415,0,0.1785991097673576,20,1
0.35318878293037415,0,0.1785991097673576,20,1
0.35318878293037415,0,0.1785991097673576,20,1
0.2281750589609146,-2,0.1835051976162383,33,1
0.2281750589609146,-2,0.1835051976162383,33,1
0.2281750589609146,-2,0.1835051976162383,33,1
0.2281750589609146,-2,0.1835051976162383,33,1
0.2281750589609146,-2,0.1835051976162383,33,1
0.3307151198387146,0,0.11247383094099735,28,2
0.22903355956077576,0,0.25075478690707376,71,2
0.22903355956077576,0,0.25075478690707376,71,2
0.17188426852226257,0,0.1911656200651955,14,2
0.17188426852226257,0,0.1911656200651955,14,2
0.03167279064655304,0,0.0843522878710526,8,2
0.03167279064655304,0,0.0843522878710526,8,2
0.03167279064655304,0,0.0843522878710526,8,2
-0.255752861,-3,0.08603764702999521,10,2
-0.255752861,-3,0.08603764702999521,10,2
-0.255752861,-3,0.08603764702999521,10,2
0.1459030956029892,0,0.16253869153097375,13,2
0.1459030956029892,0,0.16253869153097375,13,2
0.1459030956029892,0,0.16253869153097375,13,2
0.1459030956029892,0,0.16253869153097375,13,2
0.1459030956029892,0,0.16253869153097375,13,2
-0.034160711,0,0.292730543900743,53,2
-0.034160711,0,0.292730543900743,53,2
-0.034160711,0,0.292730543900743,53,2
0.21756650507450104,0,0.15922048837262814,26,2
0.014773532748222351,0,0.2418707799776501,36,2
0.014773532748222351,0,0.0720136800866341,10,2
0.04789162054657936,0,0.0720136800866341,10,2
-0.124183178,0,0,1,2
-0.124183178,0,0,1,2
0.060191210359334946,0,0.19780809063179466,4,2
0.060191210359334946,0,0.13488195245619417,4,2
0.0836184024810791,0,0.13488195245619417,4,2
0.0836184024810791,0,0.13488195245619417,4,2
0.0836184024810791,0,0.13488195245619417,4,2
0.0836184024810791,0,0.13488195245619417,4,2
0.0836184024810791,0,0.13488195245619417,4,2
-0.093544312,0,0,0,2
-0.093544312,0,0,0,2
-0.093544312,0,0,0,2
-0.093544312,0,0,0,2
-0.093544312,0,0,0,2
-0.093544312,0,0,0,2
-0.093544312,0,0,0,2
-0.093544312,0,0,0,2
0.2309258133172989,1,0.26635260437277325,20,2
0.2309258133172989,1,0.26635260437277325,20,2
-0.054518972,0,0.27405011513610406,38,2
-0.054518972,0,0.27405011513610406,38,2
0.025704601779580116,0,0.11526533548106468,13,2
0.025704601779580116,0,0.11526533548106468,13,2
0.025704601779580116,0,0.11526533548106468,13,2
0.16193066537380219,0,0.138475008465481,32,2
0.16193066537380219,0,0.138475008465481,32,2
-0.082498148,0,0.22905902401044495,4,2
-0.082498148,0,0.22905902401044495,4,2
-0.082038082,-1,0,1,2
-0.082038082,-1,0,1,2
-0.082038082,-1,0,1,2
-0.082038082,-1,0,1,2
-0.082038082,-1,0,1,2
-0.082038082,-1,0,1,2
-0.082038082,-1,0.1936649896031788,41,2
-0.064709999,0,0.1936649896031788,41,2
-0.064709999,0,0.1936649896031788,41,2
0.24432818591594696,0,0.29695433042892483,49,2
0.41127634048461914,0,0.2383222706989765,15,2
0.4321514368057251,0,0.24356226408351486,12,2
0.4321514368057251,0,0.24356226408351486,12,2
0.6214706301689148,0,0.11198538290691437,13,2
0.4666036367416382,0,0.17378209353391913,16,2
0.4666036367416382,0,0.17378209353391913,16,2
0.4666036367416382,0,0.17378209353391913,16,2
0.4666036367416382,0,0.17378209353391913,16,2
0.6045030355453491,0,0.2073601316762234,50,2
0.6045030355453491,0,0,0,2
0.6045030355453491,0,0,0,2
0.6045030355453491,0,0,0,2
0.6045030355453491,0,0,0,2
0.6045030355453491,0,0,0,2
0.6045030355453491,0,0,0,2
0.6045030355453491,0,0,0,2
0.6045030355453491,0,0.21414827958016489,41,2
0.6045030355453491,0,0,0,2
0.6045030355453491,0,0,0,2
0.297122061252594,0,0.24259430428387424,29,2
0.297122061252594,0,0.19517191321700644,16,2
0.297122061252594,0,0.19517191321700644,16,2
0.297122061252594,0,0.19517191321700644,16,2
0.1954442411661148,0,0.20877005365879556,22,2
0.1954442411661148,0,0.20877005365879556,22,2
0.1954442411661148,0,0.20877005365879556,22,2
0.1954442411661148,0,0.20877005365879556,22,2
0.1954442411661148,0,0.20877005365879556,22,2
0.1954442411661148,0,0.20877005365879556,22,2
0.32899579405784607,0,0.21371256524332224,55,2
0.32899579405784607,0,0.21371256524332224,55,2
0.32899579405784607,0,0.2273124624025901,28,2
0.32899579405784607,0,0.2273124624025901,28,2
0.32899579405784607,0,0.10789974487100991,17,2
0.32899579405784607,0,0.10789974487100991,17,2
0.32899579405784607,0,0.2896489869718359,19,2
0.32899579405784607,0,0.2896489869718359,19,2
0.32899579405784607,0,0.18813838671384958,18,2
0.32899579405784607,0,0.18813838671384958,18,2
0.2277938574552536,0,0.3479905109423556,25,2
0.2277938574552536,0,0.3479905109423556,25,2
0.2277938574552536,0,0.3479905109423556,25,2
0.2277938574552536,0,0.3479905109423556,25,2
-0.222665191,0,0.20167139682467008,48,2
-0.222665191,0,0.20167139682467008,48,2
-0.222665191,0,0.2997300755333088,12,2
-0.222665191,0,0.2997300755333088,12,2
-0.222665191,0,0.2997300755333088,12,2
-0.222665191,0,0.28251771102904394,18,2
-0.222665191,0,0.28251771102904394,18,2
-0.222665191,0,0.1347007211939535,13,2
-0.222665191,0,0.1347007211939535,13,2
-0.222665191,0,0.11748129740607167,4,2
-0.222665191,0,0.11748129740607167,4,2
-0.222665191,0,0.11748129740607167,4,2
-0.222665191,0,0.11748129740607167,4,2
-0.222665191,0,0.11748129740607167,4,2
-0.222665191,0,0.11748129740607167,4,2
-0.222665191,0,0.3030312442409573,52,2
-0.070695423,0,0.302840650002845,9,2
-0.070695423,0,0.302840650002845,9,2
-0.070695423,0,0.302840650002845,9,2
-0.070695423,0,0.2280003809419069,53,2
0.10656429082155228,0,0.2280003809419069,53,2
0.10656429082155228,0,0.2280003809419069,53,2
0.2534824311733246,0,0.20952016026561596,15,2
0.2534824311733246,0,0.20952016026561596,15,2
-0.089925155,-1,0.28315878485705087,8,2
-0.089925155,-1,0.28315878485705087,8,2
-0.089925155,-1,0.11865281707305962,9,2
-0.015218868,0,0.11865281707305962,9,2
-0.015218868,0,0.11865281707305962,9,2
0.20877481997013092,0,0.18932109118890025,18,2
0.20877481997013092,0,0.18932109118890025,18,2
0.20877481997013092,0,0.18932109118890025,18,2
0.20877481997013092,0,0.18932109118890025,18,2
0.20877481997013092,0,0.18932109118890025,18,2
0.20877481997013092,0,0.18932109118890025,18,2
0.1407085806131363,0,0.24844815622419894,54,2
0.5104564428329468,0,0,0,2
0.5104564428329468,0,0,0,2
0.5104564428329468,0,0,0,2
0.5104564428329468,0,0.20930466867576852,43,2
0.5104564428329468,0,0,0,2
0.5104564428329468,0,0,0,2
-0.38529259,0,0,1,2
-0.38529259,0,0.24062512986987764,13,2
0.5872911214828491,0,0.24062512986987764,13,2
0.17562535405158997,0,0.20415164265972272,5,2
0.17562535405158997,0,0.20415164265972272,5,2
0.17562535405158997,0,0.20415164265972272,5,2
0.17562535405158997,0,0.20415164265972272,5,2
0.17562535405158997,0,0.20415164265972272,5,2
0.11617688834667206,0,0.16837928944061914,48,2
0.11617688834667206,0,0.16837928944061914,48,2
-0.045551538,1,0.10203454347572155,10,2
-0.045551538,1,0.10203454347572155,10,2
-0.045551538,1,0.10203454347572155,10,2
0.1702800989151001,0,0.22239055895450904,19,2
0.2005840390920639,2,0.2008929161764452,20,1
0.2005840390920639,2,0.35948062115143287,20,1
0.0496765561401844,3,0.35948062115143287,20,1
0.0496765561401844,3,0.35948062115143287,20,1
0.0496765561401844,3,0.35948062115143287,20,1
0.0496765561401844,3,0.35948062115143287,20,1
0.0496765561401844,3,0.35948062115143287,20,1
0.0496765561401844,3,0.35948062115143287,20,1
0.0496765561401844,3,0.21366589042790446,42,1
0.0496765561401844,3,0.21366589042790446,42,1
0.24163201451301575,-1,0.1805894904868185,13,1
0.24163201451301575,-1,0.1805894904868185,13,1
-0.09114565,0,0.25163289300326636,4,1
-0.09114565,0,0.25163289300326636,4,1
-0.09114565,0,0.25163289300326636,4,1
0.07029873877763748,0,0.05824540935009081,15,1
0.07029873877763748,0,0.05824540935009081,15,1
0.12784992158412933,0,0.2855066365329841,20,1
0.12784992158412933,0,0.2855066365329841,20,1
0.12784992158412933,0,0.2855066365329841,20,1
0.15721911191940308,0,0.11537191546262247,8,1
0.15721911191940308,0,0,0,1
0.15721911191940308,0,0,0,1
0.3207607567310333,0,0.23535651014099818,19,1
0.3207607567310333,0,0.23535651014099818,19,1
0.3207607567310333,0,0.15609633594443267,4,1
0.3207607567310333,0,0.15609633594443267,4,1
0.3207607567310333,0,0.15609633594443267,4,1
0.3207607567310333,0,0.15609633594443267,4,1
0.3207607567310333,0,0.15609633594443267,4,1
0.3207607567310333,0,0.15609633594443267,4,1
0.3726973831653595,0,0.2181969754612549,76,1
0.3726973831653595,0,0.2181969754612549,76,1
0.3726973831653595,0,0.2181969754612549,76,1
0.34818512201309204,1,0.18664244992796905,33,1
0.34818512201309204,1,0.18664244992796905,33,1
0.34818512201309204,1,0.18664244992796905,33,1
0.06541856378316879,1,0.24688006527562092,11,1
0.06541856378316879,1,0.24688006527562092,11,1
0.06541856378316879,1,0.24688006527562092,11,1
-0.025688339,0,0.2491751612726845,57,2
-0.025688339,0,0.2491751612726845,57,2
0.05060114711523056,0,0.10437405593250702,15,2
0.05060114711523056,0,0.10437405593250702,15,2
0.05060114711523056,0,0.28944200274906656,15,2
0.43365806341171265,0,0.28944200274906656,15,2
0.43365806341171265,0,0.28944200274906656,15,2
0.3651902675628662,0,0.33984386498332053,26,2
0.3651902675628662,0,0.33984386498332053,26,2
0.3651902675628662,0,0.33984386498332053,26,2
0.18109512329101562,0,0.22771179716350584,23,2
0.18109512329101562,0,0.22771179716350584,23,2
0.18109512329101562,0,0.22771179716350584,23,2
0.18109512329101562,0,0.22771179716350584,23,2
0.18109512329101562,0,0.22771179716350584,23,2
0.18109512329101562,0,0.22771179716350584,23,2
0.18109512329101562,0,0.2510649972400776,59,2
0.06481137871742249,-1,0.2510649972400776,59,2
0.06481137871742249,-1,0.2510649972400776,59,2
-0.040764231,0,0.24331116173652392,16,2
0.41392871737480164,0,0.27290181800389424,56,2
0.41392871737480164,0,0,0,2
0.41392871737480164,0,0,0,2
0.41392871737480164,0,0,0,2
0.3545351028442383,0,0.08603047907205569,10,2
0.3545351028442383,0,0.08603047907205569,10,2
0.3545351028442383,0,0.08603047907205569,10,2
0.3545351028442383,0,0.08603047907205569,10,2
0.3545351028442383,0,0.08603047907205569,10,2
0.3545351028442383,0,0.23659536118264243,52,2
0.3545351028442383,0,0,0,2
0.3545351028442383,0,0,0,2
0.3545351028442383,0,0,0,2
0.3545351028442383,0,0,0,2
0.3545351028442383,0,0,0,2
0.3545351028442383,0,0,0,2
0.3545351028442383,0,0,0,2
0.3545351028442383,0,0,0,2
0.5324620008468628,0,0.30404561178754275,70,2
0.5324620008468628,0,0,0,2
0.06658429652452469,0,0.1521296612600045,34,2
0.06658429652452469,0,0.1521296612600045,34,2
0.06658429652452469,0,0.1521296612600045,34,2
0.0023432509042322636,0,0.05355542565385315,8,2
0.0023432509042322636,0,0.05355542565385315,8,2
0.16524825990200043,0,0.056544522187451936,16,2
0.16524825990200043,0,0.056544522187451936,16,2
0.2378595471382141,0,0.1928503191813799,15,2
0.2378595471382141,0,0.1928503191813799,15,2
0.2378595471382141,0,0.21094962787655028,29,2
0.3208901882171631,0,0.21094962787655028,29,2
0.3208901882171631,0,0.21094962787655028,29,2
0.3208901882171631,0,0.21094962787655028,29,2
0.3208901882171631,0,0.21094962787655028,29,2
0.3208901882171631,0,0.21094962787655028,29,2
0.298104465007782,0,0.24457122974522183,47,2
0.298104465007782,0,0.24457122974522183,47,2
0.298104465007782,0,0.1266021779633416,27,2
0.298104465007782,0,0.1266021779633416,27,2
0.16943348944187164,0,0.27040235013939734,12,2
0.2244861125946045,0,0.18287541520436676,31,2
0.11042974144220352,0,0.08618716633679621,10,2
0.12308298796415329,0,0.04111809167009427,6,2
0.12308298796415329,0,0.04111809167009427,6,2
0.12308298796415329,0,0.04111809167009427,6,2
0.12308298796415329,0,0.04111809167009427,6,2
0.12308298796415329,0,0.04111809167009427,6,2
0.12308298796415329,0,0.14066688942757052,25,2
0.160007506608963,0,0.07818949379909274,10,2
0.160007506608963,0,0,0,2
0.160007506608963,0,0,0,2
0.160007506608963,0,0,0,2
0.160007506608963,0,0,0,2
0.160007506608963,0,0,0,2
0.160007506608963,0,0,0,2
0.160007506608963,0,0,0,2
0.160007506608963,0,0,0,2
0.27006959915161133,0,0.1995115638761135,55,2
0.40084657073020935,0,0.24082462342654426,17,2
0.40084657073020935,0,0.24082462342654426,17,2
0.14572986960411072,0,0.2545354616217434,26,1
0.14572986960411072,0,0.21002228466469955,12,1
0.4771832227706909,0,0.21002228466469955,12,1
0.10335415601730347,0,0.1578507698325706,12,1
0.10335415601730347,0,0.1578507698325706,12,1
0.10335415601730347,0,0.1578507698325706,12,1
0.10335415601730347,0,0.1578507698325706,12,1
0.10335415601730347,0,0.1578507698325706,12,1
0.10335415601730347,0,0.1578507698325706,12,1
0.10335415601730347,0,0.1578507698325706,12,1
0.306024968624115,0,0.19799752935028797,79,1
0.3988972306251526,0,0.09651948936912005,17,1
0.3988972306251526,0,0.09651948936912005,17,1
0.3525812029838562,0,0.09136016968386645,7,1
0.4060317277908325,0,0.20469743096898008,16,1
0.4060317277908325,0,0.20469743096898008,16,1
0.015982922166585922,0,0.10165282954371302,8,1
0.015982922166585922,0,0.10165282954371302,8,1
0.015982922166585922,0,0.10165282954371302,8,1
0.015982922166585922,0,0.10165282954371302,8,1
0.07695240527391434,0,0.1631334182292968,13,1
0.07695240527391434,0,0.1631334182292968,13,1
0.07695240527391434,0,0.20203886047813724,10,1
0.07695240527391434,0,0.20203886047813724,10,1
0.2236918807029724,0,0.18548105055425915,14,1
0.2236918807029724,0,0.18548105055425915,14,1
0.2736642062664032,0,0.19088144998046588,39,1
0.2736642062664032,0,0.19088144998046588,39,1
-0.013141985,0,0.184441059340943,11,1
-0.013141985,0,0.184441059340943,11,1
-0.013141985,0,0.184441059340943,11,1
-0.013141985,0,0.184441059340943,11,1
-0.013141985,0,0.184441059340943,11,1
-0.013141985,0,0.184441059340943,11,1
0.31454136967658997,0,0.24261800804091402,61,1
0.31454136967658997,0,0.24261800804091402,61,1
0.15309429168701172,0,0.06760058083526978,9,1
-0.042096291,0,0.17384426929696603,12,1
-0.042096291,0,0.17384426929696603,12,1
0.4524613320827484,0,0.3072465805587816,10,1
-0.098761067,-4,0.18848913769564934,33,1
-0.098761067,-4,0.18848913769564934,33,1
-0.095109604,-1,0.21106151319488678,27,1
-0.095109604,-1,0.21106151319488678,27,1
0.14377926290035248,-3,0.17625782204283513,27,1
0.14377926290035248,-3,0.17625782204283513,27,1
0.14377926290035248,-3,0.17419097613501372,3,1
-0.177070886,-2,0.17419097613501372,3,1
-0.177070886,-2,0.17419097613501372,3,1
-0.177070886,-2,0.17419097613501372,3,1
-0.177070886,-2,0.17419097613501372,3,1
-0.177070886,-2,0.17419097613501372,3,1
-0.023589399,-5,0.3218930422025751,46,1
-0.023589399,-5,0,0,1
-0.023589399,-5,0,0,1
-0.023589399,-5,0,0,1
-0.023589399,-5,0.2667355561729071,8,1
-0.023589399,-5,0.3183861544381615,12,1
-0.023589399,-5,0.3183861544381615,12,1
-0.023589399,-5,0.3183861544381615,12,1
-0.106373616,4,0.1950328711840243,3,1
-0.106373616,4,0.1950328711840243,3,1
-0.106373616,4,0.1950328711840243,3,1
-0.016641069,2,0.13584770589764933,10,1
-0.016641069,2,0.13584770589764933,10,1
-0.016641069,2,0.13584770589764933,10,1
-0.016641069,2,0.13584770589764933,10,1
-0.016641069,2,0.13584770589764933,10,1
0.007162916008383036,0,0.20389004341377936,37,1
0.007162916008383036,0,0.20389004341377936,37,1
0.2888713479042053,0,0.24153679054236638,16,1
0.2888713479042053,0,0.24153679054236638,16,1
0.10280852019786835,0,0.1770415018019978,12,1
0.10280852019786835,0,0.1770415018019978,12,1
0.2737630605697632,0,0.21596431127775526,16,1
0.2737630605697632,0,0.21596431127775526,16,1
0.456947922706604,0,0.11754742287366664,19,1
0.456947922706604,0,0.11754742287366664,19,1
0.456947922706604,0,0.11754742287366664,19,1
0.456947922706604,0,0.11754742287366664,19,1
0.18369485437870026,0,0.15894865627126156,10,1
0.09172007441520691,0,0.15894865627126156,10,1
0.09172007441520691,0,0.15894865627126156,10,1
0.09172007441520691,0,0.15894865627126156,10,1
0.09172007441520691,0,0.23723371152355807,32,1
0.2484511435031891,0,0.23723371152355807,32,1
0.23980644345283508,0,0.1351573620398693,16,1
0.23980644345283508,0,0.1351573620398693,16,1
0.3881620466709137,0,0.15756609271540964,15,1
0.3881620466709137,0,0.15756609271540964,15,1
0.42194893956184387,0,0.2732133478496179,13,1
0.42194893956184387,0,0,0,1
0.42194893956184387,0,0,0,1
0.42194893956184387,0,0,0,1
0.42194893956184387,0,0,0,1
0.14135682582855225,0,0.2509458731205448,43,1
0.14135682582855225,0,0.2509458731205448,43,1
-0.090037651,0,0,2,1
-0.090037651,0,0,2,1
0.33874577283859253,0,0.3471381411438329,15,1
0.24351276457309723,0,0.15364118915686767,13,1
0.12327788025140762,0,0.08687927444537384,10,1
0.12327788025140762,0,0.08687927444537384,10,1
0.3451535701751709,0,0.21942916040398364,17,1
0.3451535701751709,0,0.21942916040398364,17,1
0.3451535701751709,0,0.21942916040398364,17,1
0.3451535701751709,0,0.21942916040398364,17,1
0.3451535701751709,0,0.21942916040398364,17,1
0.2596323788166046,0,0.21514495054564511,45,1
0.2596323788166046,0,0,0,1
-0.021587536,0,0.15884853712954455,3,1
-0.021587536,0,0.15884853712954455,3,1
0.23449593782424927,0,0.3267905619760395,3,1
0.23626449704170227,0,0.1958676121355427,8,1
0.23626449704170227,0,0.1958676121355427,8,1
0.23626449704170227,0,0.1958676121355427,8,1
0.23626449704170227,0,0.1958676121355427,8,1
0.23626449704170227,0,0.1958676121355427,8,1
0.23626449704170227,0,0.1958676121355427,8,1
-0.013671876,0,0.36333866964175787,58,1
0.3031429946422577,0,0.207242259190349,20,1
0.23981840908527374,0,0.3144681634689039,21,1
0.23981840908527374,0,0.3144681634689039,21,1
0.23981840908527374,0,0.3144681634689039,21,1
-0.046259016,0,0.13281423553661742,5,1
-0.046259016,0,0.13281423553661742,5,1
0.12618649005889893,0,0.26471083123594247,10,1
0.12618649005889893,0,0.26471083123594247,10,1
0.12618649005889893,0,0.26471083123594247,10,1
0.12618649005889893,0,0.26471083123594247,10,1
0.12618649005889893,0,0.26471083123594247,10,1
0.12618649005889893,0,0.26471083123594247,10,1
0.3756822943687439,0,0.2501934507772573,54,1
0.3756822943687439,0,0.2501934507772573,54,1
0.3756822943687439,0,0.2501934507772573,54,1
0.37568485736846924,2,0.3023112620998085,33,1
0.37568485736846924,2,0.3023112620998085,33,1
0.37568485736846924,2,0.3023112620998085,33,1
0.29040759801864624,0,0.2781990732664681,32,1
0.29040759801864624,0,0.2781990732664681,32,1
0.16495241224765778,0,0.13496715352142422,16,2
0.4042142331600189,0,0.18309757297536894,61,2
0.4042142331600189,0,0,0,2
0.4042142331600189,0,0,0,2
0.4109245538711548,0,0.11021318764722939,11,2
0.4109245538711548,0,0.11021318764722939,11,2
0.3369363248348236,0,0.1837676653842938,24,2
0.3369363248348236,0,0.1837676653842938,24,2
0.49152788519859314,-1,0.14841381017879393,22,2
0.49152788519859314,-1,0.14841381017879393,22,2
0.49152788519859314,-1,0.14841381017879393,22,2
0.49152788519859314,-1,0.14841381017879393,22,2
0.49152788519859314,-1,0.14841381017879393,22,2
0.37965255975723267,-2,0.2408562742560206,55,2
0.37965255975723267,-2,0.2408562742560206,55,2
0.21189366281032562,0,0.06050873488773069,12,2
0.21189366281032562,0,0.06050873488773069,12,2
0.21189366281032562,0,0.06050873488773069,12,2
0.044654544442892075,0,0.22496257570354689,14,2
0.044654544442892075,0,0.22496257570354689,14,2
0.21968986093997955,0,0,0,2
0.21968986093997955,0,0,0,2
0.2532203197479248,1,0.17023797412222613,6,2
0.2532203197479248,1,0.17023797412222613,6,2
0.4010484218597412,0,0.17028032693332337,13,2
0.4010484218597412,0,0.17028032693332337,13,2
0.4010484218597412,0,0.17028032693332337,13,2
0.4010484218597412,0,0.17028032693332337,13,2
0.22240541875362396,0,0.25371252201614364,57,2
0.22240541875362396,0,0,0,2
0.22240541875362396,0,0,0,2
0.22240541875362396,0,0,0,2
0.22240541875362396,0,0,0,2
0.22240541875362396,0,0,0,2
0.22240541875362396,0,0,0,2
0.22240541875362396,0,0,0,2
0.22240541875362396,0,0.2202984963356365,30,2
0.22240541875362396,0,0,0,2
0.22240541875362396,0,0,0,2
0.22240541875362396,0,0,0,2
0.167875736951828,0,0.14677017442599613,16,1
0.167875736951828,0,0.14677017442599613,16,1
0.33080974221229553,0,0.2731260943873946,43,1
0.33080974221229553,0,0.2731260943873946,43,1
0.33080974221229553,0,0.2731260943873946,43,1
0.16565990447998047,0,0.2019547276833237,16,1
0.16565990447998047,0,0.2019547276833237,16,1
0.41620978713035583,0,0.24288101290530031,23,1
0.41620978713035583,0,0.24288101290530031,23,1
0.3230324685573578,0,0.22072494168249562,16,1
0.3230324685573578,0,0.22072494168249562,16,1
0.3230324685573578,0,0.2502183230912802,25,1
0.38674312829971313,-1,0.2502183230912802,25,1
0.38674312829971313,-1,0.2502183230912802,25,1
0.38674312829971313,-1,0.2502183230912802,25,1
0.38674312829971313,-1,0.2502183230912802,25,1
0.38674312829971313,-1,0.2502183230912802,25,1
0.38674312829971313,-1,0.21475170917313685,53,1
0.3943381607532501,-2,0.21475170917313685,53,1
0.3943381607532501,-2,0.17239321346483857,13,1
-0.077895127,0,0.027285492464074773,6,2
-0.077895127,0,0.027285492464074773,6,2
-0.077895127,0,0.027285492464074773,6,2
-0.077895127,0,0.027285492464074773,6,2
-0.077895127,0,0.027285492464074773,6,2
-0.077895127,0,0.027285492464074773,6,2
-0.281005085,0,0.17850738326853843,44,2
-0.281005085,0,0.17850738326853843,44,2
-0.281005085,0,0.2603674773780408,17,2
0.2950429618358612,0,0.2603674773780408,17,2
0.2950429618358612,0,0.2603674773780408,17,2
-0.028245922,-2,0.4765341834867631,5,2
-0.028245922,-2,0.4765341834867631,5,2
0.04877893254160881,-3,0.17007808018261,8,2
0.04877893254160881,-3,0.17007808018261,8,2
0.04877893254160881,-3,0.17007808018261,8,2
-0.134018272,0,0.052511827850365754,4,2
-0.134018272,0,0.052511827850365754,4,2
-0.134018272,0,0.052511827850365754,4,2
-0.134018272,0,0.052511827850365754,4,2
0.1625383496284485,0,0,0,2
0.1625383496284485,0,0,0,2
0.1625383496284485,0,0,0,2
0.1625383496284485,0,0.18753436257635436,10,2
0.1625383496284485,0,0.140991652131492,10,2
0.1625383496284485,0,0.140991652131492,10,2
0.1625383496284485,0,0.140991652131492,10,2
0.1625383496284485,0,0.140991652131492,10,2
0.1625383496284485,0,0.140991652131492,10,2
0.1625383496284485,0,0.140991652131492,10,2
0.1625383496284485,0,0.20046694912396648,72,2
0.1625383496284485,0,0.06803994367706662,10,2
0.1625383496284485,0,0.15110340527386923,12,2
0.1625383496284485,0,0,0,2
0.1625383496284485,0,0,0,2
0.1625383496284485,0,0.1803190069955365,10,2
0.1625383496284485,0,0.1803190069955365,10,2
0.1625383496284485,0,0.1803190069955365,10,2
0.1625383496284485,0,0.1803190069955365,10,2
0.1625383496284485,0,0.24918258604377405,58,2
0.1625383496284485,0,0,0,2
0.1625383496284485,0,0,0,2
0.1625383496284485,0,0.13583713471854683,4,2
0.1625383496284485,0,0.13583713471854683,4,2
0.1625383496284485,0,0.13583713471854683,4,2
0.1625383496284485,0,0.13583713471854683,4,2
0.1625383496284485,0,0.2518553286714186,67,2
0.1625383496284485,0,0.2518553286714186,67,2
0.1625383496284485,0,0.10424179940469573,12,2
0.1625383496284485,0,0.10424179940469573,12,2
0.1625383496284485,0,0.1301698216471419,15,2
0.1625383496284485,0,0.1301698216471419,15,2
0.1625383496284485,0,0.0989345425984672,22,2
0.1625383496284485,0,0.0989345425984672,22,2
0.1625383496284485,0,0.0989345425984672,22,2
0.1625383496284485,0,0.16283140667317914,21,2
0.1625383496284485,0,0.16283140667317914,21,2
0.1625383496284485,0,0.16283140667317914,21,2
0.1625383496284485,0,0.16283140667317914,21,2
0.1625383496284485,0,0.24334817107031095,45,2
0.19865569472312927,0,0.31447510556854263,12,2
0.19865569472312927,0,0.17768344589678411,15,2
0.19865569472312927,0,0.17768344589678411,15,2
0.19865569472312927,0,0.17768344589678411,15,2
0.19865569472312927,0,0.17768344589678411,15,2
0.19865569472312927,0,0.25741502466312133,47,2
0.19865569472312927,0,0.25741502466312133,47,2
0.19865569472312927,0,0.17913771736834747,17,2
0.19865569472312927,0,0.2623103813070546,13,2
0.19865569472312927,0,0.2623103813070546,13,2
0.19865569472312927,0,0.1373232406771017,8,2
0.19865569472312927,0,0.1373232406771017,8,2
0.19865569472312927,0,0.17411996517704778,24,2
0.19865569472312927,0,0.17411996517704778,24,2
0.19865569472312927,0,0.17411996517704778,24,2
0.19865569472312927,0,0.17411996517704778,24,2
0.19865569472312927,0,0.17411996517704778,24,2
0.19865569472312927,0,0.23190896042604112,54,2
0.19865569472312927,0,0,0,2
0.19865569472312927,0,0,0,2
0.3153076767921448,-3,0.22215344694569594,57,2
0.3153076767921448,-3,0.22215344694569594,57,2
0.3153076767921448,-3,0.21631227312497672,17,2
0.3153076767921448,-3,0.21631227312497672,17,2
0.3153076767921448,-3,0.16983305328289708,14,2
0.3153076767921448,-3,0.16983305328289708,14,2
0.3153076767921448,-3,0.27651698129614743,25,2
0.3153076767921448,-3,0.27651698129614743,25,2
0.3153076767921448,-3,0.20040403871874332,20,2
0.3153076767921448,-3,0.20040403871874332,20,2
0.3153076767921448,-3,0.20040403871874332,20,2
0.3153076767921448,-3,0.20040403871874332,20,2
0.3153076767921448,-3,0.20040403871874332,20,2
0.3153076767921448,-3,0.19845333452543965,44,2
0.3153076767921448,-3,0.19845333452543965,44,2
0.3153076767921448,-3,0.135488882711331,29,2
0.3153076767921448,-3,0.135488882711331,29,2
0.3153076767921448,-3,0.04500759280969513,4,2
0.3153076767921448,-3,0.2358679874128619,8,2
0.3153076767921448,-3,0.2358679874128619,8,2
0.326272189617157,2,0.21070160310993738,22,2
0.326272189617157,2,0.19900722236805046,9,2
0.2626570761203766,2,0.19900722236805046,9,2
0.2626570761203766,2,0,0,2
0.2626570761203766,2,0,0,2
0.2626570761203766,2,0,0,2
0.2626570761203766,2,0,0,2
0.2626570761203766,2,0,0,2
0.2626570761203766,2,0,0,2
0.2626570761203766,2,0.2228076748506558,62,2
0.2626570761203766,2,0.2228076748506558,62,2
0.2626570761203766,2,0.24787377108389105,31,2
0.2877779006958008,0,0.24787377108389105,31,2
0.2877779006958008,0,0.14488938385607444,12,2
0.2877779006958008,0,0.14488938385607444,12,2
0.2877779006958008,0,0.14488938385607444,12,2
0.2877779006958008,0,0.19662474862354265,27,2
0.2877779006958008,0,0,0,2
0.2877779006958008,0,0,0,2
0.2877779006958008,0,0,0,2
0.41680943965911865,1,0.08776990032098185,8,2
0.41680943965911865,1,0.08776990032098185,8,2
0.41680943965911865,1,0.10169453019358436,15,2
0.41680943965911865,1,0,0,2
0.41680943965911865,1,0,0,2
0.41680943965911865,1,0.15503163268627004,14,2
0.41680943965911865,1,0.15503163268627004,14,2
0.41680943965911865,1,0.15503163268627004,14,2
0.41680943965911865,1,0.15503163268627004,14,2
0.41680943965911865,1,0.2593011915032073,61,2
0.41680943965911865,1,0.2593011915032073,61,2
0.41680943965911865,1,0.33748621236326115,18,2
0.41680943965911865,1,0.33748621236326115,18,2
0.41680943965911865,1,0.18673814274452238,15,2
0.41680943965911865,1,0.18673814274452238,15,2
0.41680943965911865,1,0.14365191562545734,15,2
0.41680943965911865,1,0.14365191562545734,15,2
0.41680943965911865,1,0.17239153833626128,29,2
0.41680943965911865,1,0.17239153833626128,29,2
0.41680943965911865,1,0.17239153833626128,29,2
0.41680943965911865,1,0,0,1
0.41680943965911865,1,0,0,1
0.41680943965911865,1,0.14295419947657018,13,1
0.41680943965911865,1,0.14295419947657018,13,1
0.41680943965911865,1,0.14295419947657018,13,1
0.41680943965911865,1,0.14295419947657018,13,1
0.41680943965911865,1,0.14295419947657018,13,1
0.41680943965911865,1,0.23909176326131498,68,1
0.41680943965911865,1,0.23909176326131498,68,1
0.41680943965911865,1,0.23909176326131498,68,1
0.41680943965911865,1,0.334690475469328,20,1
0.41680943965911865,1,0.334690475469328,20,1
0.41680943965911865,1,0.1756338318759379,31,1
0.41680943965911865,1,0.1756338318759379,31,1
0.41680943965911865,1,0.022489445061524154,6,1
0.41680943965911865,1,0.022489445061524154,6,1
0.41680943965911865,1,0.022489445061524154,6,1
0.41680943965911865,1,0.24005655718992588,28,1
0.41680943965911865,1,0.24005655718992588,28,1
0.41680943965911865,1,0.24005655718992588,28,1
0.05070566385984421,0,0,0,1
0.05070566385984421,0,0,0,1
0.05070566385984421,0,0,0,1
0.05070566385984421,0,0.23542379755275397,18,1
0.05070566385984421,0,0,0,1
0.05070566385984421,0,0,0,1
0.05070566385984421,0,0,0,1
0.05070566385984421,0,0.08044623427434172,11,1
0.05070566385984421,0,0.03950311666678359,7,1
0.05070566385984421,0,0.03950311666678359,7,1
0.05070566385984421,0,0.03950311666678359,7,1
0.05070566385984421,0,0.03950311666678359,7,1
0.05070566385984421,0,0.03950311666678359,7,1
0.05070566385984421,0,0.27787132670499953,42,1
0.05070566385984421,0,0.27787132670499953,42,1
0.05070566385984421,0,0.15909215877782223,8,1
0.05070566385984421,0,0.15909215877782223,8,1
0.05070566385984421,0,0.15909215877782223,8,1
0.05070566385984421,0,0.1677961108835678,5,1
0.05070566385984421,0,0.1677961108835678,5,1
0.05070566385984421,0,0.21598385896573527,6,1
0.05070566385984421,0,0.17895562374070642,18,1
0.05070566385984421,0,0.08254326213710841,7,1
0.05070566385984421,0,0.08254326213710841,7,1
0.05070566385984421,0,0.08254326213710841,7,1
0.05070566385984421,0,0.08254326213710841,7,1
0.05070566385984421,0,0.08254326213710841,7,1
0.05070566385984421,0,0.2894704766072141,40,1
0.05070566385984421,0,0.2894704766072141,40,1
0.05070566385984421,0,0.11036286826127063,6,1
0.05070566385984421,0,0.11036286826127063,6,1
0.05070566385984421,0,0.12704717857617498,17,1
0.05070566385984421,0,0.12704717857617498,17,1
0.05070566385984421,0,0.12704717857617498,17,1
0.05070566385984421,0,0.22607718660881018,21,1
0.05070566385984421,0,0.22607718660881018,21,1
0.05070566385984421,0,0.22607718660881018,21,1
0.05070566385984421,0,0.23202423472714778,30,1
0.05070566385984421,0,0.23202423472714778,30,1
0.05070566385984421,0,0.23202423472714778,30,1
0.05070566385984421,0,0.07937608611158181,5,1
0.05070566385984421,0,0,0,1
0.05070566385984421,0,0,0,1
0.05070566385984421,0,0,0,1
0.05070566385984421,0,0,0,1
0.05070566385984421,0,0,0,1
0.05070566385984421,0,0,0,1
0.20829205214977264,0,0.232502349536305,70,1
0.20829205214977264,0,0.232502349536305,70,1
0.20829205214977264,0,0.1039540332378717,4,1
0.20829205214977264,0,0.1039540332378717,4,1
0.20829205214977264,0,0.02034598346219506,6,1
0.20829205214977264,0,0.15600397012691872,8,1
0.20829205214977264,0,0.15600397012691872,8,1
0.20829205214977264,0,0.1362693703091021,9,1
0.20829205214977264,0,0.1362693703091021,9,1
0.20829205214977264,0,0.1362693703091021,9,1
0.20829205214977264,0,0.1362693703091021,9,1
0.20829205214977264,0,0.1362693703091021,9,1
0.20829205214977264,0,0.1362693703091021,9,1
0.20829205214977264,0,0,0,1
0.20829205214977264,0,0,0,1
0.20829205214977264,0,0,0,1
0.20829205214977264,0,0,0,1
0.20829205214977264,0,0.26427428476433973,36,1
0.20829205214977264,0,0,0,1
0.20829205214977264,0,0.08818141298192023,9,1
0.20829205214977264,0,0.1684164584794896,8,1
0.20829205214977264,0,0,0,1
0.20829205214977264,0,0,0,1
0.20829205214977264,0,0,0,1
0.20829205214977264,0,0,0,1
0.20829205214977264,0,0.16954987321141177,37,1
0.20829205214977264,0,0,0,1
0.20829205214977264,0,0,0,1
0.20829205214977264,0,0,0,1
0.20829205214977264,0,0,0,1
0.20829205214977264,0,0,0,1
0.20829205214977264,0,0,0,1
0.20829205214977264,0,0.1939504656325865,29,1
0.20829205214977264,0,0,0,1
0.20829205214977264,0,0,0,1
0.20829205214977264,0,0.18423916725638909,26,1
0.20829205214977264,0,0.1392056914082667,13,1
0.20829205214977264,0,0.15812449368753786,7,1
0.20829205214977264,0,0,0,1
0.20829205214977264,0,0,0,1
0.3092651665210724,0,0.09869664472536502,7,1
0.3092651665210724,0,0.09869664472536502,7,1
0.3092651665210724,0,0.09869664472536502,7,1
0.3092651665210724,0,0.09869664472536502,7,1
0.3092651665210724,0,0.23040877894051964,36,1
0.3092651665210724,0,0.079228472025586,10,1
0.3092651665210724,0,0,0,1
0.3092651665210724,0,0,0,1
0.3092651665210724,0,0,0,1
0.3092651665210724,0,0,0,1
0.3092651665210724,0,0,0,1
0.3092651665210724,0,0,0,1
0.3092651665210724,0,0.18330922415671605,36,1
0.3092651665210724,0,0.17589387173542362,11,1
0.3092651665210724,0,0,0,1
0.3092651665210724,0,0,0,1
0.3092651665210724,0,0,0,1
0.3092651665210724,0,0.16099203610296695,16,1
0.3092651665210724,0,0.16099203610296695,16,1
0.3092651665210724,0,0.16099203610296695,16,1
0.3092651665210724,0,0.16099203610296695,16,1
0.3092651665210724,0,0.16099203610296695,16,1
0.3092651665210724,0,0.16099203610296695,16,1
0.3092651665210724,0,0.23148470694721865,60,1
0.3092651665210724,0,0.12631774745027932,6,1
0.3092651665210724,0,0.12631774745027932,6,1
0.3092651665210724,0,0.1631181029542198,4,1
0.3092651665210724,0,0.1631181029542198,4,1
0.3092651665210724,0,0.1360394502859775,15,1
0.3092651665210724,0,0.1360394502859775,15,1
0.3092651665210724,0,0.12948808071201456,9,1
0.3092651665210724,0,0.12948808071201456,9,1
0.3092651665210724,0,0.12948808071201456,9,1
0.33322077989578247,-3,0,1,1
0.33322077989578247,-3,0,1,1
0.33322077989578247,-3,0.24360815465962743,19,1
0.33322077989578247,-3,0.24360815465962743,19,1
0.33322077989578247,-3,0.18709442057470874,9,1
0.33322077989578247,-3,0.18709442057470874,9,1
0.33322077989578247,-3,0.19120679222655457,19,1
0.33322077989578247,-3,0.1529208284139872,12,1
0.33322077989578247,-3,0.1529208284139872,12,1
0.33322077989578247,-3,0.15256868505998605,14,1
0.33322077989578247,-3,0.15256868505998605,14,1
0.33322077989578247,-3,0.15256868505998605,14,1
0.33322077989578247,-3,0.15256868505998605,14,1
0.33322077989578247,-3,0.15256868505998605,14,1
0.33322077989578247,-3,0.17643581051506055,39,1
0.33322077989578247,-3,0.17643581051506055,39,1
0.33322077989578247,-3,0.17643581051506055,39,1
0.33322077989578247,-3,0.19317505664564683,21,1
0.33322077989578247,-3,0.19317505664564683,21,1
0.33322077989578247,-3,0.19022451659235248,12,1
0.5052339434623718,0,0.12239409108313719,12,2
0.5052339434623718,0,0.12239409108313719,12,2
0.38016611337661743,0,0.21331827266446982,14,2
0.38016611337661743,0,0.21331827266446982,14,2
0.38016611337661743,0,0.21331827266446982,14,2
0.38016611337661743,0,0.21331827266446982,14,2
0.38016611337661743,0,0.2520277680119413,51,2
0.4006965756416321,0,0.2520277680119413,51,2
0.39812859892845154,0,0.23222256296990595,10,2
0.39812859892845154,0,0.23222256296990595,10,2
0.3186911940574646,0,0.15438694654138652,25,2
0.3186911940574646,0,0.15438694654138652,25,2
0.3186911940574646,0,0.15438694654138652,25,2
0.4468062222003937,0,0.15220708371563685,27,2
0.4468062222003937,0,0.15220708371563685,27,2
0.3198279142379761,0,0.15750125769705528,21,2
0.3198279142379761,0,0.15750125769705528,21,2
0.3198279142379761,0,0.15750125769705528,21,2
0.3198279142379761,0,0.15750125769705528,21,2
0.3198279142379761,0,0.15750125769705528,21,2
0.08963055163621902,0,0.13346208469376286,14,2
0.08963055163621902,0,0.23682590243943916,56,2
0.08963055163621902,0,0.23682590243943916,56,2
0.08963055163621902,0,0.11055755622860866,11,2
0.08963055163621902,0,0.11055755622860866,11,2
0.2555379271507263,0,0.25704989046690646,26,2
0.2555379271507263,0,0.25704989046690646,26,2
0.2555379271507263,0,0.25440350766939873,18,2
0.2555379271507263,0,0.25440350766939873,18,2
0.2555379271507263,0,0.22304220236657424,18,2
0.2555379271507263,0,0.22304220236657424,18,2
0.2555379271507263,0,0.22304220236657424,18,2
0.2555379271507263,0,0.22304220236657424,18,2
0.2555379271507263,0,0.22304220236657424,18,2
0.2555379271507263,0,0.22304220236657424,18,2
0.2555379271507263,0,0.2112775501471001,62,2
0.2555379271507263,0,0.2112775501471001,62,2
0.2555379271507263,0,0.20234017814697616,31,2
0.2555379271507263,0,0.20234017814697616,31,2
0.2555379271507263,0,0.20234017814697616,31,2
0.11711287498474121,0,0.19929245721160044,18,2
0.11711287498474121,0,0.19929245721160044,18,2
0.11711287498474121,0,0.19929245721160044,18,2
0.11711287498474121,0,0.19929245721160044,18,2
0.11711287498474121,0,0.19929245721160044,18,2
0.3462502062320709,0,0.23940386645355113,65,2
0.3462502062320709,0,0.23940386645355113,65,2
0.3462502062320709,0,0.23940386645355113,65,2
0.4176909625530243,0,0.2720155440621668,29,2
0.4176909625530243,0,0.2720155440621668,29,2
0.3082379102706909,0,0.17199794070972566,13,2
0.3082379102706909,0,0.17199794070972566,13,2
0.2286982536315918,0,0.1799460077602094,14,2
0.2286982536315918,0,0.10667989976653493,7,2
0.2286982536315918,0,0.10667989976653493,7,2
0.2286982536315918,0,0.10667989976653493,7,2
0.2286982536315918,0,0.10667989976653493,7,2
0.2286982536315918,0,0.10667989976653493,7,2
0.2286982536315918,0,0.10667989976653493,7,2
0.3250144422054291,1,0.15051578161639279,59,2
0.3223988115787506,0,0,0,2
0.3223988115787506,0,0,0,2
0.3223988115787506,0,0,0,2
0.3223988115787506,0,0,0,2
0.3223988115787506,0,0.34653621266962326,44,2
0.3223988115787506,0,0,0,2
0.5376769304275513,0,0.1651567213383836,9,2
0.5376769304275513,0,0,0,2
0.5376769304275513,0,0,0,2
0.7987185716629028,0,0.13618420553582766,14,2
0.7987185716629028,0,0.13618420553582766,14,2
0.7987185716629028,0,0.13618420553582766,14,2
0.7987185716629028,0,0.13618420553582766,14,2
0.7987185716629028,0,0.13618420553582766,14,2
0.6440598368644714,0,0.2864233243929269,70,2
0.43272149562835693,0,0.1305654393090228,8,2
0.43272149562835693,0,0,0,2
0.43272149562835693,0,0,0,2
0.6268847584724426,0,0.1869204514967005,13,2
0.6268847584724426,0,0,0,2
0.3517727553844452,0,0.23670603959862357,29,2
0.3517727553844452,0,0.23670603959862357,29,2
0.3625396490097046,0,0.23350391910098342,48,2
0.3625396490097046,0,0,0,2
0.3625396490097046,0,0,0,2
0.3625396490097046,0,0.22104735066227227,16,2
0.3625396490097046,0,0,0,2
0.3625396490097046,0,0,0,2
0.3625396490097046,0,0.09341868358915253,17,2
0.3625396490097046,0,0.09341868358915253,17,2
0.3625396490097046,0,0.09341868358915253,17,2
0.3625396490097046,0,0.09341868358915253,17,2
0.3625396490097046,0,0.26520859200770186,56,2
0.3625396490097046,0,0.26520859200770186,56,2
0.3625396490097046,0,0.26520859200770186,56,2
0.3625396490097046,0,0.10298899950490524,8,2
0.3625396490097046,0,0.10298899950490524,8,2
0.3625396490097046,0,0.2238903267104752,14,2
0.3625396490097046,0,0.2238903267104752,14,2
0.3625396490097046,0,0.2238903267104752,14,2
0.012292355298995972,0,0.09199656030693024,7,1
0.012292355298995972,0,0.09199656030693024,7,1
0.2642711102962494,0,0.08590737163875414,16,1
0.2642711102962494,0,0.08246130196524178,3,1
0.2642711102962494,0,0.08246130196524178,3,1
0.2642711102962494,0,0.08246130196524178,3,1
0.2642711102962494,0,0.08246130196524178,3,1
0.2642711102962494,0,0.08246130196524178,3,1
0.2642711102962494,0,0.08246130196524178,3,1
0.2642711102962494,0,0.19490242855044465,47,1
0.2642711102962494,0,0.19490242855044465,47,1
0.2642711102962494,0,0.19490242855044465,47,1
0.2642711102962494,0,0.1296702597982856,9,1
0.2642711102962494,0,0.1296702597982856,9,1
0.2642711102962494,0,0.09790490248757357,8,1
0.2642711102962494,0,0.09790490248757357,8,1
0.2642711102962494,0,0.09790490248757357,8,1
0.5193760991096497,-5,0.2137698161534881,20,1
0.5193760991096497,-5,0,0,1
0.5193760991096497,-5,0,0,1
0.16776159405708313,1,0,0,1
0.16776159405708313,1,0,0,1
0.16776159405708313,1,0,2,1
0.16776159405708313,1,0,2,1
0.16776159405708313,1,0.21160813904733267,5,1
0.16776159405708313,1,0.21160813904733267,5,1
0.16776159405708313,1,0.1579957122662269,6,1
0.16776159405708313,1,0.1579957122662269,6,1
0.16776159405708313,1,0.1579957122662269,6,1
0.16776159405708313,1,0.1579957122662269,6,1
0.16776159405708313,1,0.1579957122662269,6,1
0.16776159405708313,1,0.2047367585983912,53,1
0.16776159405708313,1,0.2047367585983912,53,1
0.16776159405708313,1,0.2047367585983912,53,1
0.16776159405708313,1,0.17331324728693515,11,1
0.16776159405708313,1,0.17331324728693515,11,1
0.16776159405708313,1,0.14642812760937338,7,1
0.16776159405708313,1,0.14642812760937338,7,1
0.16776159405708313,1,0.07766095365757096,6,1
0.16776159405708313,1,0.07766095365757096,6,1
0.16776159405708313,1,0,2,1
0.16776159405708313,1,0,1,1
0.16776159405708313,1,0,1,1
0.16776159405708313,1,0,1,1
0.16776159405708313,1,0,1,1
0.16776159405708313,1,0,1,1
0.16776159405708313,1,0,1,1
0.16776159405708313,1,0.3837751033983016,15,1
0.16776159405708313,1,0.3837751033983016,15,1
0.16776159405708313,1,0.3837751033983016,15,1
0.16776159405708313,1,0.14455010677387792,8,1
0.16776159405708313,1,0.14455010677387792,8,1
0.16776159405708313,1,0.026133941592716318,7,1
0.16776159405708313,1,0.026133941592716318,7,1
0.16776159405708313,1,0.14255603852432233,9,1
0.16776159405708313,1,0.14255603852432233,9,1
0.16776159405708313,1,0.14255603852432233,9,1
0.022445296868681908,5,0.10292141468122713,8,1
0.022445296868681908,5,0.10292141468122713,8,1
0.022445296868681908,5,0.10292141468122713,8,1
0.607245922088623,1,0.1435560303573957,4,1
0.607245922088623,1,0.1435560303573957,4,1
0.607245922088623,1,0.09960923871744165,6,1
0.607245922088623,1,0.09960923871744165,6,1
0.607245922088623,1,0.15303906049435875,4,1
0.607245922088623,1,0.15303906049435875,4,1
0.607245922088623,1,0.15303906049435875,4,1
0.607245922088623,1,0.15303906049435875,4,1
0.607245922088623,1,0.15303906049435875,4,1
0.607245922088623,1,0.15303906049435875,4,1
0.607245922088623,1,0.13765724031277426,32,1
0.607245922088623,1,0.13765724031277426,32,1
0.607245922088623,1,0.07682561668203562,4,1
0.607245922088623,1,0.07682561668203562,4,1
0.607245922088623,1,0.13392125382325012,7,1
0.607245922088623,1,0.13392125382325012,7,1
0.607245922088623,1,0.13392125382325012,7,1
0.4901762902736664,-6,0.1555032505281874,11,1
0.4901762902736664,-6,0.1555032505281874,11,1
0.4901762902736664,-6,0.1555032505281874,11,1
0.4315332770347595,3,0.24417878183190483,33,1
0.4315332770347595,3,0.24417878183190483,33,1
0.4315332770347595,3,0.22285040205987056,11,1
0.4315332770347595,3,0.22285040205987056,11,1
0.4315332770347595,3,0.20113684012357586,29,1
0.4315332770347595,3,0.20113684012357586,29,1
0.4315332770347595,3,0.20113684012357586,29,1
0.4315332770347595,3,0.2631863132833481,25,1
0.4315332770347595,3,0.2631863132833481,25,1
0.4315332770347595,3,0.17680429508574252,21,1
0.4315332770347595,3,0.17680429508574252,21,1
0.4315332770347595,3,0.17680429508574252,21,1
0.4315332770347595,3,0.17680429508574252,21,1
0.4315332770347595,3,0.17680429508574252,21,1
0.4315332770347595,3,0.21311847403738912,53,1
0.4315332770347595,3,0.21311847403738912,53,1
0.4315332770347595,3,0,0,1
0.4315332770347595,3,0,0,1
0.4315332770347595,3,0.11351652954304303,8,1
0.4315332770347595,3,0.26574699461778967,4,1
0.4315332770347595,3,0,0,1
0.4315332770347595,3,0,0,1
0.4315332770347595,3,0.15402172288035873,4,1
0.4315332770347595,3,0.15402172288035873,4,1
0.4315332770347595,3,0.15402172288035873,4,1
0.4315332770347595,3,0.15402172288035873,4,1
0.4315332770347595,3,0.15402172288035873,4,1
0.4315332770347595,3,0.33811077689361463,55,1
0.4315332770347595,3,0.33811077689361463,55,1
0.4315332770347595,3,0.33811077689361463,55,1
0.4315332770347595,3,0.24341626643092254,29,1
0.4315332770347595,3,0.24341626643092254,29,1
0.4315332770347595,3,0.13948659154726029,34,1
0.4315332770347595,3,0.13948659154726029,34,1
0.4315332770347595,3,0.13948659154726029,34,1
0.4315332770347595,3,0.2614695033997082,39,1
0.4315332770347595,3,0.2614695033997082,39,1
0.4315332770347595,3,0.2614695033997082,39,1
0.4315332770347595,3,0.33168138023548827,29,1
0.4315332770347595,3,0.33168138023548827,29,1
0.2210700809955597,0,0.2576486876883019,15,2
0.2210700809955597,0,0.2576486876883019,15,2
0.2210700809955597,0,0.18228380980634568,15,2
0.2210700809955597,0,0.18228380980634568,15,2
0.2210700809955597,0,0.18228380980634568,15,2
0.2210700809955597,0,0.18228380980634568,15,2
0.2210700809955597,0,0.18228380980634568,15,2
0.2210700809955597,0,0.2947107836877194,60,2
0.2210700809955597,0,0.2947107836877194,60,2
0.2210700809955597,0,0.19095248101588638,27,2
0.2210700809955597,0,0.19095248101588638,27,2
0.2210700809955597,0,0.17930824042404134,20,2
0.2210700809955597,0,0.17930824042404134,20,2
0.2210700809955597,0,0.17930824042404134,20,2
0.2210700809955597,0,0.27234604041868676,33,2
0.2210700809955597,0,0.27234604041868676,33,2
0.2210700809955597,0,0.27234604041868676,33,2
0.2210700809955597,0,0.29316650786719994,31,2
0.2210700809955597,0,0.29316650786719994,31,2
0.2210700809955597,0,0.29316650786719994,31,2
0.22338168323040009,0,0.21536797765639776,20,2
0.22338168323040009,0,0.21536797765639776,20,2
0.41858574748039246,0,0.17304669670814754,57,2
0.41858574748039246,0,0.17304669670814754,57,2
0.40984275937080383,0,0.23105252611423457,23,2
0.40984275937080383,0,0.23105252611423457,23,2
0.3075409531593323,0,0.0932956100759181,24,2
0.3075409531593323,0,0.0932956100759181,24,2
0.2722800374031067,0,0.11547559930316526,21,2
0.2722800374031067,0,0.11547559930316526,21,2
0.25085365772247314,0,0.12822022528334737,18,2
0.25085365772247314,0,0.12822022528334737,18,2
0.25085365772247314,0,0.12822022528334737,18,2
0.25085365772247314,0,0.12822022528334737,18,2
0.25085365772247314,0,0.12822022528334737,18,2
0.14896947145462036,0,0.1819693922071767,50,2
0.14896947145462036,0,0.1819693922071767,50,2
0.20195509493350983,0,0.14489345946777715,21,2
0.20195509493350983,0,0.14489345946777715,21,2
0.32661741971969604,0,0.19330389884293558,20,2
0.027041392400860786,0,0.19275315086250552,32,2
0.027041392400860786,0,0.19275315086250552,32,2
0.3694469630718231,0,0.17839565658837478,15,2
0.3694469630718231,0,0.17839565658837478,15,2
0.12854492664337158,0,0.23904063974656423,15,2
0.12854492664337158,0,0.23904063974656423,15,2
0.12854492664337158,0,0.23904063974656423,15,2
0.4218571186065674,0,0.18348981502148015,30,2
0.4218571186065674,0,0.18348981502148015,30,2
0.4218571186065674,0,0.18348981502148015,30,2
0.3390703499317169,0,0.18461831327692085,39,2
0.3390703499317169,0,0.18461831327692085,39,2
0.3390703499317169,0,0.18461831327692085,39,2
0.3390703499317169,0,0.18461831327692085,39,2
0.3390703499317169,0,0.18461831327692085,39,2
0.288553386926651,0,0.18818043708308543,56,2
0.288553386926651,0,0.18818043708308543,56,2
0.288553386926651,0,0.18818043708308543,56,2
0.35896235704421997,0,0.25547674403935755,33,2
0.35896235704421997,0,0.25547674403935755,33,2
0.37527745962142944,0,0,0,2
0.37527745962142944,0,0,0,2
0.4028477966785431,0,0.28393296406559365,8,2
0.4028477966785431,0,0.28393296406559365,8,2
0.4028477966785431,0,0.28393296406559365,8,2
0.4028477966785431,0,0.1833059912188298,36,2
0.4028477966785431,0,0.1833059912188298,36,2
0.4028860032558441,0,0.22193522788125894,18,2
0.4028860032558441,0,0.22193522788125894,18,2
0.3882174789905548,0,0.25484199491482346,21,2
0.3882174789905548,0,0.25484199491482346,21,2
0.3882174789905548,0,0.25484199491482346,21,2
0.30336785316467285,0,0.18241855382755512,31,2
0.30336785316467285,0,0.18241855382755512,31,2
0.4561673104763031,0,0.19169416526710747,29,2
0.4561673104763031,0,0.19169416526710747,29,2
0.4561673104763031,0,0.19169416526710747,29,2
0.4561673104763031,0,0.19169416526710747,29,2
0.4561673104763031,0,0.19169416526710747,29,2
0.45447444915771484,-1,0.2628288492702666,62,2
0.3881399631500244,0,0.2560408159864083,61,2
0.3881399631500244,0,0.2560408159864083,61,2
0.3881399631500244,0,0.2560408159864083,61,2
0.19291432201862335,1,0.2069669016219143,18,2
0.19291432201862335,1,0.2069669016219143,18,2
0.4763250946998596,0,0.13317229257413596,26,2
0.4763250946998596,0,0.13317229257413596,26,2
0.4807833731174469,1,0.18733091050326373,28,2
0.4807833731174469,1,0.18733091050326373,28,2
0.5313147902488708,1,0.20475713587644584,25,2
0.5313147902488708,1,0.20475713587644584,25,2
0.5313147902488708,1,0.20475713587644584,25,2
0.5313147902488708,1,0.20475713587644584,25,2
0.5313147902488708,1,0.20475713587644584,25,2
0.5313147902488708,1,0.20475713587644584,25,2
0.3895893096923828,1,0.1825077370335162,57,2
0.3895893096923828,1,0.1825077370335162,57,2
0.248197540640831,0,0.16045234475235043,25,2
0.248197540640831,0,0.16045234475235043,25,2
0.26500096917152405,-1,0.19038111876849034,15,2
0.3986439108848572,0,0.27434379870435815,56,2
0.3986439108848572,0,0.27434379870435815,56,2
0.4556347131729126,0,0.11249075851900309,25,2
0.4556347131729126,0,0.11249075851900309,25,2
0.1618838757276535,0,0.14118589810326226,17,2
0.1618838757276535,0,0.14118589810326226,17,2
0.1618838757276535,0,0.14118589810326226,17,2
0.16186104714870453,0,0.27769192797914216,17,2
0.16186104714870453,0,0.27769192797914216,17,2
0.3600757420063019,0,0.14429092178205333,22,2
0.3600757420063019,0,0.14429092178205333,22,2
0.3600757420063019,0,0.14429092178205333,22,2
0.3600757420063019,0,0.14429092178205333,22,2
0.3600757420063019,0,0.14429092178205333,22,2
0.3600757420063019,0,0.14429092178205333,22,2
0.4741196930408478,0,0.24281267697445552,59,2
0.4741196930408478,0,0.24281267697445552,59,2
-0.192804754,0,0,2,2
-0.192804754,0,0,2,2
0.05681803449988365,0,0.14571018396432306,11,2
0.18762613832950592,0,0.04834492547069918,20,2
0.18762613832950592,0,0.04834492547069918,20,2
0.18762613832950592,0,0.04834492547069918,20,2
0.18762613832950592,0,0.04834492547069918,20,2
0.18099460005760193,0,0.21817440266034974,63,2
0.18099460005760193,0,0.21817440266034974,63,2
0.14445964992046356,0,0.07080966570430129,18,2
0.14445964992046356,0,0.07080966570430129,18,2
0.21660654246807098,0,0.10140266777137519,16,2
0.21660654246807098,0,0.06899015347399577,12,2
0.14058752357959747,0,0.06899015347399577,12,2
0.27485713362693787,0,0.07991978043462493,9,2
0.27485713362693787,0,0.07991978043462493,9,2
0.27485713362693787,0,0.07991978043462493,9,2
0.27485713362693787,0,0.07991978043462493,9,2
0.27485713362693787,0,0.07991978043462493,9,2
0.27485713362693787,0,0.19020783465891059,53,2
0.0937754213809967,0,0.08125257146529496,17,2
0.0937754213809967,0,0.08125257146529496,17,2
0.38624224066734314,0,0.18951804362567895,24,2
0.27851730585098267,0,0.14269289002670035,10,2
0.27851730585098267,0,0.14269289002670035,10,2
0.30286791920661926,0,0.2026324243049941,36,2
0.30286791920661926,0,0.2026324243049941,36,2
0.0775667354464531,0,0.21727033145892088,9,2
0.38450556993484497,0,0.22206210802448223,7,2
0.38450556993484497,0,0.22206210802448223,7,2
-0.010792507,0,0.03045102787369583,5,2
-0.010792507,0,0,0,2
-0.010792507,0,0,0,2
0.013918616808950901,0.0,0.14619269946351285,19,0
0.013918616808950901,0.0,0.14619269946351285,19,0
0.013918616808950901,0.0,0.14619269946351285,19,0
0.013918616808950901,0.0,0.14619269946351285,19,0
-0.17861513793468475,0.0,0.14033552426002374,12,0
-0.17861513793468475,0.0,0.14033552426002374,12,0
-0.17861513793468475,0.0,0.14033552426002374,12,0
-0.17861513793468475,0.0,0.14033552426002374,12,0
-0.17861513793468475,0.0,0.14033552426002374,12,0
-0.17861513793468475,0.0,0.14033552426002374,12,0
-0.17861513793468475,0.0,0.14033552426002374,12,0
-0.014907034114003181,-2.0,0.36387824574625793,43,0
-0.014907034114003181,-2.0,0.36387824574625793,43,0
-0.014907034114003181,-2.0,0.36387824574625793,43,0
-0.014907034114003181,-2.0,0.36387824574625793,43,0
-0.014907034114003181,-2.0,0.36387824574625793,43,0
-0.0633690357208252,0.0,0.0971305594744818,16,0
-0.0633690357208252,0.0,0.0971305594744818,16,0
-0.0633690357208252,0.0,0.0971305594744818,16,0
-0.0633690357208252,0.0,0.0971305594744818,16,0
-0.1254236102104187,0.0,0.03724784799503616,6,0
-0.1254236102104187,0.0,0.03724784799503616,6,0
-0.1254236102104187,0.0,0.03724784799503616,6,0
-0.1254236102104187,0.0,0.03724784799503616,6,0
-0.1254236102104187,0.0,0.03724784799503616,6,0
-0.1254236102104187,0.0,0.03724784799503616,6,0
-0.1254236102104187,0.0,0.03724784799503616,6,0
-0.1254236102104187,0.0,0.03724784799503616,6,0
0.1989482343196869,0.0,0.25537099280433423,73,0
0.1989482343196869,0.0,0.25537099280433423,73,0
-0.4524671733379364,0.0,0.03687630352584292,5,0
-0.4524671733379364,0.0,0.03687630352584292,5,0
-0.4524671733379364,0.0,0.03687630352584292,5,0
0.19944599270820618,0.0,0.1509761761520735,25,0
0.19944599270820618,0.0,0.1509761761520735,25,0
0.19944599270820618,0.0,0.1509761761520735,25,0
0.19944599270820618,0.0,0.1509761761520735,25,0
0.12881042063236237,0.0,0.1692790337565805,35,0
0.12881042063236237,0.0,0.1692790337565805,35,0
0.12881042063236237,0.0,0.1692790337565805,35,0
-0.0030108492355793715,0.0,0.0350356234267511,6,0
-0.21442624926567078,0.0,0.165687363623624,6,0
-0.21442624926567078,0.0,0.165687363623624,6,0
-0.09708138555288315,0.0,0.023758799372910533,6,0
-0.09708138555288315,0.0,0.023758799372910533,6,0
-0.09708138555288315,0.0,0.023758799372910533,6,0
-0.07488015294075012,0.0,0.040651235531956494,6,0
-0.07488015294075012,0.0,0.040651235531956494,6,0
-0.07488015294075012,0.0,0.040651235531956494,6,0
-0.07488015294075012,0.0,0.040651235531956494,6,0
-0.07488015294075012,0.0,0.040651235531956494,6,0
-0.07488015294075012,0.0,0.040651235531956494,6,0
-0.07488015294075012,0.0,0.040651235531956494,6,0
0.001804369268938899,0.0,0.16109699306726452,52,0
0.001804369268938899,0.0,0.0,0,0
0.001804369268938899,0.0,0.0,0,0
-0.2787034511566162,0.0,0.0,2,0
-0.2787034511566162,0.0,0.0,0,0
-0.2787034511566162,0.0,0.0,0,0
-0.1343405395746231,0.0,0.0,0,0
0.19973835349082947,0.0,0.25225869416555025,46,0
0.19973835349082947,0.0,0.25225869416555025,46,0
0.19973835349082947,0.0,0.25225869416555025,46,0
-0.029690437018871307,0.0,0.20032664756968768,51,0
-0.029690437018871307,0.0,0.20032664756968768,51,0
-0.029690437018871307,0.0,0.20032664756968768,51,0
-0.029690437018871307,0.0,0.20032664756968768,51,0
-0.022354373708367348,0.0,0.10644142378351863,12,0
-0.022354373708367348,0.0,0.10644142378351863,12,0
-0.022354373708367348,0.0,0.10644142378351863,12,0
0.2686263620853424,0.0,0.15267628792088872,39,0
0.2686263620853424,0.0,0.15267628792088872,39,0
0.2686263620853424,0.0,0.15267628792088872,39,0
-0.013056880794465542,0.0,0.2680316950135304,21,0
-0.013056880794465542,0.0,0.2680316950135304,21,0
-0.013056880794465542,0.0,0.2680316950135304,21,0
-0.013056880794465542,0.0,0.2680316950135304,21,0
-0.052325159311294556,0.0,0.23003272220468818,9,0
-0.052325159311294556,0.0,0.23003272220468818,9,0
-0.052325159311294556,0.0,0.23003272220468818,9,0
-0.0009298677905462682,0.0,0.11916579560123983,25,0
-0.1828608512878418,0.0,0.1999804694301634,18,0
-0.1828608512878418,0.0,0.1999804694301634,18,0
-0.1828608512878418,0.0,0.1999804694301634,18,0
-0.1828608512878418,0.0,0.1999804694301634,18,0
-0.1828608512878418,0.0,0.1999804694301634,18,0
-0.1828608512878418,0.0,0.1999804694301634,18,0
-0.1828608512878418,0.0,0.3426679701205713,46,0
-0.1828608512878418,0.0,0.3426679701205713,46,0
-0.1828608512878418,0.0,0.3426679701205713,46,0
-0.1828608512878418,0.0,0.3426679701205713,46,0
-0.1828608512878418,0.0,0.3426679701205713,46,0
-0.0719878301024437,0.0,0.3435120429225661,17,0
-0.0719878301024437,0.0,0.3435120429225661,17,0
-0.0719878301024437,0.0,0.3435120429225661,17,0
-0.0719878301024437,0.0,0.3435120429225661,17,0
-0.037621818482875824,0.0,0.06400476702202444,20,0
-0.037621818482875824,0.0,0.06400476702202444,20,0
-0.037621818482875824,0.0,0.06400476702202444,20,0
-0.037621818482875824,0.0,0.06400476702202444,20,0
0.11096583306789398,0.0,0.25050184125136543,11,0
0.11096583306789398,0.0,0.25050184125136543,11,0
-0.14682920277118683,0.0,0.16757083519482893,17,0
-0.14682920277118683,0.0,0.16757083519482893,17,0
-0.14682920277118683,0.0,0.16757083519482893,17,0
-0.14682920277118683,0.0,0.16757083519482893,17,0
-0.22166889905929565,0.0,0.19849369662961783,16,0
-0.22166889905929565,0.0,0.19849369662961783,16,0
-0.22166889905929565,0.0,0.19849369662961783,16,0
-0.10427471250295639,0.0,0.1187388598305338,8,0
-0.10427471250295639,0.0,0.1187388598305338,8,0
-0.10427471250295639,0.0,0.1187388598305338,8,0
-0.10427471250295639,0.0,0.1187388598305338,8,0
-0.10427471250295639,0.0,0.1187388598305338,8,0
-0.10427471250295639,0.0,0.1187388598305338,8,0
-0.04691855609416962,-1.0,0.3014637847748616,40,0
-0.04691855609416962,-1.0,0.3014637847748616,40,0
-0.04691855609416962,-1.0,0.3014637847748616,40,0
-0.14589278399944305,0.0,0.0,2,0
-0.14589278399944305,0.0,0.0,2,0
0.12897931039333344,0.0,0.18371773041742126,11,0
0.12203492224216461,0.0,0.0786790588139972,20,0
0.12203492224216461,0.0,0.0786790588139972,20,0
0.12203492224216461,0.0,0.0786790588139972,20,0
0.12203492224216461,0.0,0.0786790588139972,20,0
-0.035257887095212936,0.0,0.07401566354927466,13,0
-0.035257887095212936,0.0,0.07401566354927466,13,0
-0.035257887095212936,0.0,0.07401566354927466,13,0
0.05203196033835411,0.0,0.1255509225415496,21,0
0.05203196033835411,0.0,0.1255509225415496,21,0
0.05203196033835411,0.0,0.1255509225415496,21,0
0.05203196033835411,0.0,0.1255509225415496,21,0
0.05203196033835411,0.0,0.1255509225415496,21,0
0.05203196033835411,0.0,0.1255509225415496,21,0
0.05203196033835411,0.0,0.1255509225415496,21,0
0.3197724223136902,-1.0,0.18977737261771072,55,0
0.3197724223136902,-1.0,0.18977737261771072,55,0
0.05297940596938133,0.0,0.09814635264444746,13,0
0.05297940596938133,0.0,0.09814635264444746,13,0
0.05297940596938133,0.0,0.09814635264444746,13,0
0.27105429768562317,0.0,0.2515520061663597,50,0
0.27105429768562317,0.0,0.2515520061663597,50,0
0.27105429768562317,0.0,0.2515520061663597,50,0
0.27105429768562317,0.0,0.2515520061663597,50,0
0.27105429768562317,0.0,0.2515520061663597,50,0
-0.3579333424568176,-1.0,0.22139108981673056,37,0
-0.3579333424568176,-1.0,0.22139108981673056,37,0
-0.10341863334178925,0.0,0.012966662547021458,3,0
-0.10341863334178925,0.0,0.012966662547021458,3,0
-0.10341863334178925,0.0,0.012966662547021458,3,0
-0.10341863334178925,0.0,0.012966662547021458,3,0
0.020479369908571243,0.0,0.08689371370283917,30,0
0.020479369908571243,0.0,0.08689371370283917,30,0
0.020479369908571243,0.0,0.08689371370283917,30,0
0.020479369908571243,0.0,0.08689371370283917,30,0
0.04728836566209793,0.0,0.1712148135842299,24,0
0.04728836566209793,0.0,0.1712148135842299,24,0
0.04728836566209793,0.0,0.1712148135842299,24,0
-0.04312274977564812,0.0,0.12172408405312364,30,0
-0.04312274977564812,0.0,0.12172408405312364,30,0
0.15155574679374695,0.0,0.29105933059420763,45,0
0.15155574679374695,0.0,0.29105933059420763,45,0
0.15155574679374695,0.0,0.29105933059420763,45,0
0.09872697293758392,0.0,0.12063202742462065,29,0
0.09872697293758392,0.0,0.12063202742462065,29,0
0.09872697293758392,0.0,0.12063202742462065,29,0
0.09872697293758392,0.0,0.12063202742462065,29,0
0.05992645397782326,0.0,0.12819105371951373,34,0
0.05992645397782326,0.0,0.12819105371951373,34,0
0.05992645397782326,0.0,0.12819105371951373,34,0
0.05992645397782326,0.0,0.12819105371951373,34,0
-0.06125875189900398,0.0,0.12252685874348508,27,0
-0.06125875189900398,0.0,0.12252685874348508,27,0
-0.06125875189900398,0.0,0.12252685874348508,27,0
0.16653211414813995,0.0,0.13070277742646327,27,0
0.16653211414813995,0.0,0.13070277742646327,27,0
0.16653211414813995,0.0,0.13070277742646327,27,0
0.16653211414813995,0.0,0.13070277742646327,27,0
0.16653211414813995,0.0,0.13070277742646327,27,0
0.16653211414813995,0.0,0.13070277742646327,27,0
0.19672687351703644,0.0,0.19140511016079848,30,0
0.19672687351703644,0.0,0.19140511016079848,30,0
0.19672687351703644,0.0,0.19140511016079848,30,0
-0.010166692547500134,0.0,0.12605856158463333,16,0
-0.010166692547500134,0.0,0.12605856158463333,16,0
-0.010166692547500134,0.0,0.12605856158463333,16,0
-0.016765257343649864,0.0,0.0991604834059082,8,0
-0.016765257343649864,0.0,0.0991604834059082,8,0
-0.016765257343649864,0.0,0.0991604834059082,8,0
-0.12279776483774185,0.0,0.1344628797727373,9,0
-0.12279776483774185,0.0,0.1344628797727373,9,0
-0.12279776483774185,0.0,0.1344628797727373,9,0
-0.12279776483774185,0.0,0.1344628797727373,9,0
-0.12279776483774185,0.0,0.1344628797727373,9,0
-0.12279776483774185,0.0,0.1344628797727373,9,0
-0.12279776483774185,0.0,0.1344628797727373,9,0
-0.13925033807754517,0.0,0.16057471868973586,43,0
-0.13925033807754517,0.0,0.16057471868973586,43,0
-0.15529070794582367,0.0,0.0,0,0
-0.15529070794582367,0.0,0.0,0,0
0.07481227070093155,0.0,0.10262170688366512,12,0
0.07481227070093155,0.0,0.10262170688366512,12,0
0.07481227070093155,0.0,0.10262170688366512,12,0
0.07481227070093155,0.0,0.10262170688366512,12,0
0.21201588213443756,0.0,0.17611967616172047,38,0
0.21201588213443756,0.0,0.17611967616172047,38,0
0.33538395166397095,0.0,0.09710486877084556,28,0
0.33538395166397095,0.0,0.09710486877084556,28,0
0.33538395166397095,0.0,0.09710486877084556,28,0
0.13769233226776123,0.0,0.1379723851163425,17,0
0.13769233226776123,0.0,0.1379723851163425,17,0
0.13769233226776123,0.0,0.1379723851163425,17,0
0.20486384630203247,0.0,0.23585995914562177,26,0
0.20486384630203247,0.0,0.23585995914562177,26,0
0.24177153408527374,0.0,0.33700023617316427,26,0
0.24177153408527374,0.0,0.33700023617316427,26,0
0.24177153408527374,0.0,0.33700023617316427,26,0
0.24177153408527374,0.0,0.33700023617316427,26,0
0.24177153408527374,0.0,0.33700023617316427,26,0
0.24177153408527374,0.0,0.33700023617316427,26,0
0.11489992588758469,0.0,0.10246724298516319,26,0
0.11489992588758469,0.0,0.10246724298516319,26,0
0.11489992588758469,0.0,0.10246724298516319,26,0
0.11489992588758469,0.0,0.10246724298516319,26,0
0.010076342150568962,-1.0,0.2321790107140798,68,0
0.010076342150568962,-1.0,0.2321790107140798,68,0
0.010076342150568962,-1.0,0.2321790107140798,68,0
0.08407112210988998,0.0,0.1109122394399674,28,0
0.08407112210988998,0.0,0.1109122394399674,28,0
0.08407112210988998,0.0,0.1109122394399674,28,0
0.08407112210988998,0.0,0.1109122394399674,28,0
0.08407112210988998,0.0,0.1109122394399674,28,0
0.018179548904299736,0.0,0.11334877487816578,27,0
0.018179548904299736,0.0,0.11334877487816578,27,0
0.018179548904299736,0.0,0.11334877487816578,27,0
0.018179548904299736,0.0,0.11334877487816578,27,0
-0.08531292527914047,0.0,0.14762784398114195,27,0
-0.08531292527914047,0.0,0.14762784398114195,27,0
-0.08531292527914047,0.0,0.14762784398114195,27,0
-0.08531292527914047,0.0,0.14762784398114195,27,0
-0.16527867317199707,0.0,0.047195599571682144,6,0
-0.16527867317199707,0.0,0.047195599571682144,6,0
-0.16527867317199707,0.0,0.047195599571682144,6,0
-0.16527867317199707,0.0,0.047195599571682144,6,0
-0.16527867317199707,0.0,0.047195599571682144,6,0
-0.4917396008968353,0.0,0.18669755205924676,41,0
-0.4917396008968353,0.0,0.18669755205924676,41,0
-0.4917396008968353,0.0,0.18669755205924676,41,0
-0.015416746027767658,0.0,0.16260162203313094,18,0
-0.015416746027767658,0.0,0.16260162203313094,18,0
-0.015416746027767658,0.0,0.16260162203313094,18,0
0.1838121861219406,0.0,0.14335066387976364,28,0
0.1838121861219406,0.0,0.14335066387976364,28,0
0.1838121861219406,0.0,0.14335066387976364,28,0
0.1838121861219406,0.0,0.14335066387976364,28,0
0.09660863876342773,0.0,0.3066934198184224,29,0
0.09660863876342773,0.0,0.3066934198184224,29,0
0.11004688590765,0.0,0.06435308472751487,6,0
0.11004688590765,0.0,0.06435308472751487,6,0
0.11004688590765,0.0,0.06435308472751487,6,0
-0.21816574037075043,0.0,0.05826749170556678,9,0
-0.21816574037075043,0.0,0.05826749170556678,9,0
-0.21816574037075043,0.0,0.05826749170556678,9,0
0.024620693176984787,-1.0,0.3132197058932025,43,0
0.024620693176984787,-1.0,0.3132197058932025,43,0
0.024620693176984787,-1.0,0.3132197058932025,43,0
0.061664603650569916,0.0,0.24617173191479877,15,0
0.061664603650569916,0.0,0.24617173191479877,15,0
0.061664603650569916,0.0,0.24617173191479877,15,0
0.10076029598712921,0.0,0.08515537504540259,14,0
0.10076029598712921,0.0,0.08515537504540259,14,0
0.10076029598712921,0.0,0.08515537504540259,14,0
0.161874920129776,0.0,0.21554529354365531,23,0
0.161874920129776,0.0,0.21554529354365531,23,0
-0.21438384056091309,0.0,0.0,2,0
-0.21438384056091309,0.0,0.0,2,0
-0.21438384056091309,0.0,0.0,2,0
-0.21438384056091309,0.0,0.0,2,0
-0.21438384056091309,0.0,0.0,2,0
-0.21438384056091309,0.0,0.0,2,0
-0.013255571946501732,0.0,0.23113438559137142,37,0
-0.013255571946501732,0.0,0.23113438559137142,37,0
0.1665807068347931,-1.0,0.190495406100479,58,0
0.1665807068347931,-1.0,0.190495406100479,58,0
0.1665807068347931,-1.0,0.190495406100479,58,0
0.1665807068347931,-1.0,0.190495406100479,58,0
0.1665807068347931,-1.0,0.190495406100479,58,0
-0.13858234882354736,0.0,0.1993126375164028,37,0
-0.13858234882354736,0.0,0.1993126375164028,37,0
-0.13858234882354736,0.0,0.1993126375164028,37,0
-0.13858234882354736,0.0,0.1993126375164028,37,0
-0.18035796284675598,0.0,0.1912149238826167,19,0
-0.18035796284675598,0.0,0.1912149238826167,19,0
-0.18035796284675598,0.0,0.1912149238826167,19,0
-0.18035796284675598,0.0,0.1912149238826167,19,0
0.2809770107269287,0.0,0.21512900862960857,13,0
0.2809770107269287,0.0,0.21512900862960857,13,0
0.2809770107269287,0.0,0.21512900862960857,13,0
0.14951130747795105,0.0,0.057685087892828064,22,0
0.14951130747795105,0.0,0.057685087892828064,22,0
-0.023210862651467323,0.0,0.17589715492896024,14,0
-0.023210862651467323,0.0,0.17589715492896024,14,0
-0.023210862651467323,0.0,0.17589715492896024,14,0
-0.023210862651467323,0.0,0.17589715492896024,14,0
-0.023210862651467323,0.0,0.17589715492896024,14,0
-0.023210862651467323,0.0,0.17589715492896024,14,0
-0.11149636656045914,-1.0,0.19792514235134315,47,0
-0.07735564559698105,0.0,0.0,0,0
-0.07735564559698105,0.0,0.0,0,0
0.019326286390423775,0.0,0.32178831875595765,8,0
0.019326286390423775,0.0,0.32178831875595765,8,0
0.16426225006580353,0.0,0.04360779463569823,6,0
0.16426225006580353,0.0,0.04360779463569823,6,0
0.16426225006580353,0.0,0.04360779463569823,6,0
-0.20903921127319336,0.0,0.15927137059472676,25,0
-0.20903921127319336,0.0,0.15927137059472676,25,0
-0.20903921127319336,0.0,0.15927137059472676,25,0
-0.20903921127319336,0.0,0.15927137059472676,25,0
-0.20903921127319336,0.0,0.15927137059472676,25,0
-0.20903921127319336,0.0,0.15927137059472676,25,0
0.2178322672843933,0.0,0.22206783302244712,51,0
-0.12015333771705627,0.0,0.14339830201364245,17,0
-0.12015333771705627,0.0,0.14339830201364245,17,0
-0.12015333771705627,0.0,0.14339830201364245,17,0
-0.12015333771705627,0.0,0.14339830201364245,17,0
0.1658807247877121,0.0,0.17153569390236484,45,0
0.1658807247877121,0.0,0.17153569390236484,45,0
0.1658807247877121,0.0,0.17153569390236484,45,0
0.1658807247877121,0.0,0.17153569390236484,45,0
-0.050028715282678604,0.0,0.12578953960451392,9,0
-0.050028715282678604,0.0,0.12578953960451392,9,0
-0.050028715282678604,0.0,0.12578953960451392,9,0
-0.050028715282678604,0.0,0.10116004125877058,11,0
0.006009870674461126,0.0,0.10116004125877058,11,0
0.006009870674461126,0.0,0.10116004125877058,11,0
0.006009870674461126,0.0,0.10116004125877058,11,0
0.006009870674461126,0.0,0.10116004125877058,11,0
0.006009870674461126,0.0,0.10116004125877058,11,0
0.006009870674461126,0.0,0.10116004125877058,11,0
-0.21206265687942505,-2.0,0.15904830821295146,29,0
0.1410481482744217,0.0,0.4071216700651843,16,0
-0.2248498946428299,-1.0,0.18470455133767147,30,0
-0.2248498946428299,-1.0,0.18470455133767147,30,0
-0.2248498946428299,-1.0,0.18470455133767147,30,0
-0.191336989402771,0.0,0.0,1,0
-0.191336989402771,0.0,0.0,1,0
-0.191336989402771,0.0,0.0,1,0
-0.20547868311405182,0.0,0.04597070062502992,13,0
-0.20547868311405182,0.0,0.04597070062502992,13,0
-0.20547868311405182,0.0,0.04597070062502992,13,0
-0.04172281175851822,0.0,0.05852985521799939,6,0
-0.04172281175851822,0.0,0.05852985521799939,6,0
-0.15315064787864685,0.0,0.0,0,0
-0.15315064787864685,0.0,0.0,0,0
-0.15315064787864685,0.0,0.0,0,0
-0.15315064787864685,0.0,0.0,0,0
-0.15315064787864685,0.0,0.0,0,0
-0.15315064787864685,0.0,0.0,0,0
-0.15315064787864685,0.0,0.0,0,0
-0.12397007644176483,-2.0,0.17408302300348724,39,0
-0.02784619852900505,-2.0,0.2519574488252172,36,0
-0.123263418674469,0.0,0.24714332332126934,8,0
-0.123263418674469,0.0,0.24714332332126934,8,0
-0.123263418674469,0.0,0.24714332332126934,8,0
-0.123263418674469,0.0,0.24714332332126934,8,0
-0.15200680494308472,0.0,0.2395226695446505,9,0
-0.15200680494308472,0.0,0.2395226695446505,9,0
-0.13334238529205322,0.0,0.23456153210996453,10,0
-0.13334238529205322,0.0,0.23456153210996453,10,0
-0.13334238529205322,0.0,0.23456153210996453,10,0
0.29458898305892944,0.0,0.0950472334181536,18,0
0.29458898305892944,0.0,0.0950472334181536,18,0
0.29458898305892944,0.0,0.0950472334181536,18,0
0.29458898305892944,0.0,0.0950472334181536,18,0
0.29458898305892944,0.0,0.0950472334181536,18,0
0.29458898305892944,0.0,0.0950472334181536,18,0
0.36563435196876526,0.0,0.21192602175389666,55,0
0.36563435196876526,0.0,0.21192602175389666,55,0
0.36563435196876526,0.0,0.21192602175389666,55,0
0.023595642298460007,0.0,0.16210589139647694,17,0
0.11021368205547333,0.0,0.09778284230659764,14,0
0.12744133174419403,0.0,0.10686298239055693,12,0
0.12744133174419403,0.0,0.10686298239055693,12,0
0.12744133174419403,0.0,0.10686298239055693,12,0
0.12744133174419403,0.0,0.10686298239055693,12,0
0.12744133174419403,0.0,0.10686298239055693,12,0
0.12744133174419403,0.0,0.10686298239055693,12,0
0.12744133174419403,0.0,0.10686298239055693,12,0
-0.24524344503879547,-1.0,0.2325276581059091,48,0
-0.24524344503879547,-1.0,0.2325276581059091,48,0
-0.24524344503879547,-1.0,0.2325276581059091,48,0
0.21142928302288055,0.0,0.15831738318805966,12,0
0.21142928302288055,0.0,0.15831738318805966,12,0
-0.10868781059980392,0.0,0.0,2,0
-0.10868781059980392,0.0,0.0,2,0
-0.10868781059980392,0.0,0.03800920899365155,3,0
-0.1091829314827919,0.0,0.03800920899365155,3,0
-0.1091829314827919,0.0,0.03800920899365155,3,0
0.12022443115711212,0.0,0.23359144409809854,10,0
0.12022443115711212,0.0,0.23359144409809854,10,0
0.0029476468916982412,0.0,0.15617249869806507,25,0
0.0029476468916982412,0.0,0.15617249869806507,25,0
0.0029476468916982412,0.0,0.15617249869806507,25,0
0.0029476468916982412,0.0,0.15617249869806507,25,0
0.0029476468916982412,0.0,0.15617249869806507,25,0
0.07603657990694046,0.0,0.1864083151385269,34,0
0.30079957842826843,0.0,0.09732373977915589,12,0
0.30079957842826843,0.0,0.09732373977915589,12,0
-0.23808997869491577,0.0,0.0,0,0
-0.09177704900503159,0.0,0.0665806127106268,6,0
-0.09177704900503159,0.0,0.0665806127106268,6,0
-0.09177704900503159,0.0,0.0665806127106268,6,0
-0.021520748734474182,0.0,0.07836032724460694,15,0
-0.021520748734474182,0.0,0.07836032724460694,15,0
-0.021520748734474182,0.0,0.07836032724460694,15,0
-0.021520748734474182,0.0,0.07836032724460694,15,0
-0.021520748734474182,0.0,0.07836032724460694,15,0
-0.021520748734474182,0.0,0.07836032724460694,15,0
-0.021520748734474182,0.0,0.07836032724460694,15,0
-0.09745975583791733,0.0,0.18856876316871762,48,0
-0.09135708212852478,0.0,0.044466322185959195,4,0
-0.09135708212852478,0.0,0.044466322185959195,4,0
-0.02705797366797924,0.0,0.09548194592601929,11,0
-0.02705797366797924,0.0,0.09548194592601929,11,0
0.195383682847023,0.0,0.21880314259745204,12,0
0.195383682847023,0.0,0.21880314259745204,12,0
0.0650099366903305,0.0,0.030029124926725402,5,0
0.0650099366903305,0.0,0.030029124926725402,5,0
0.0650099366903305,0.0,0.030029124926725402,5,0
0.0650099366903305,0.0,0.030029124926725402,5,0
0.0650099366903305,0.0,0.030029124926725402,5,0
0.0650099366903305,0.0,0.030029124926725402,5,0
-0.03682707995176315,0.0,0.13402184324210448,45,0
-0.03682707995176315,0.0,0.13402184324210448,45,0
-0.03682707995176315,0.0,0.13402184324210448,45,0
-0.09831591695547104,0.0,0.17738814598952538,5,0
-0.09831591695547104,0.0,0.0,2,0
-0.30486398935317993,0.0,0.0,2,0
-0.30486398935317993,0.0,0.0,2,0
-0.08441194146871567,0.0,0.09891460247355241,4,0
-0.40077829360961914,0.0,0.0,0,0
-0.40077829360961914,0.0,0.0,0,0
0.17804065346717834,0.0,0.04256935459234029,4,0
0.17804065346717834,0.0,0.04256935459234029,4,0
0.17804065346717834,0.0,0.04256935459234029,4,0
0.17804065346717834,0.0,0.04256935459234029,4,0
0.23248149454593658,0.0,0.13063473545299634,34,0
0.23248149454593658,0.0,0.13063473545299634,34,0
0.23248149454593658,0.0,0.13063473545299634,34,0
0.23248149454593658,0.0,0.13063473545299634,34,0
0.23248149454593658,0.0,0.13063473545299634,34,0
0.23248149454593658,0.0,0.13063473545299634,34,0
0.23248149454593658,0.0,0.13063473545299634,34,0
0.29264035820961,0.0,0.22525952530107718,63,0
0.29264035820961,0.0,0.22525952530107718,63,0
0.04428285360336304,0.0,0.18997186587874257,12,0
0.04428285360336304,0.0,0.18997186587874257,12,0
0.04428285360336304,0.0,0.18997186587874257,12,0
-0.04039822891354561,0.0,0.10569324422740338,28,0
-0.04039822891354561,0.0,0.10569324422740338,28,0
0.2657114267349243,-1.0,0.25961427051928104,43,0
0.2657114267349243,-1.0,0.15785684347461407,27,0
-0.18471336364746094,0.0,0.15785684347461407,27,0
-0.18471336364746094,0.0,0.15785684347461407,27,0
-0.18471336364746094,0.0,0.15785684347461407,27,0
-0.057402562350034714,0.0,0.012122278308226686,4,0
-0.057402562350034714,0.0,0.012122278308226686,4,0
-0.057402562350034714,0.0,0.012122278308226686,4,0
-0.08899097889661789,0.0,0.0,1,0
-0.08899097889661789,0.0,0.0,1,0
-0.08899097889661789,0.0,0.0,1,0
-0.02989138662815094,0.0,0.0,2,0
-0.02989138662815094,0.0,0.0,2,0
-0.02989138662815094,0.0,0.0,2,0
-0.02989138662815094,0.0,0.0,2,0
-0.02989138662815094,0.0,0.0,2,0
-0.02989138662815094,0.0,0.0,2,0
-0.02989138662815094,0.0,0.3232118126127136,42,0
-0.10175999253988266,0.0,0.3232118126127136,42,0
-0.10175999253988266,0.0,0.3232118126127136,42,0
0.027038291096687317,0.0,0.1338687260166738,54,0
0.027038291096687317,0.0,0.1338687260166738,54,0
0.1265878975391388,0.0,0.1923363457508235,41,0
0.1265878975391388,0.0,0.1923363457508235,41,0
0.1265878975391388,0.0,0.1923363457508235,41,0
0.1265878975391388,0.0,0.1923363457508235,41,0
0.1265878975391388,0.0,0.1923363457508235,41,0
0.1265878975391388,0.0,0.1923363457508235,41,0
0.1265878975391388,0.0,0.1923363457508235,41,0
0.1265878975391388,0.0,0.1923363457508235,41,0
0.3134242296218872,-1.0,0.19072753229615758,75,0
0.3134242296218872,-1.0,0.19072753229615758,75,0
0.3134242296218872,-1.0,0.19072753229615758,75,0
-0.09255547821521759,0.0,0.19088571395027387,13,0
-0.09255547821521759,0.0,0.19088571395027387,13,0
-0.09255547821521759,0.0,0.19088571395027387,13,0
0.06533665955066681,0.0,0.1470083827149541,20,0
0.06533665955066681,0.0,0.1470083827149541,20,0
0.06533665955066681,0.0,0.1470083827149541,20,0
-0.3481371998786926,-1.0,0.0,0,0
-0.23065851628780365,0.0,0.08778578039069873,7,0
-0.15064013004302979,0.0,0.20186383352959217,8,0
-0.15064013004302979,0.0,0.20186383352959217,8,0
-0.15064013004302979,0.0,0.20186383352959217,8,0
-0.15064013004302979,0.0,0.10721115652329578,24,0
-0.03956284001469612,0.0,0.10721115652329578,24,0
-0.03956284001469612,0.0,0.10721115652329578,24,0
-0.03956284001469612,0.0,0.10721115652329578,24,0
-0.03956284001469612,0.0,0.10721115652329578,24,0
-0.03956284001469612,0.0,0.10721115652329578,24,0
-0.03956284001469612,0.0,0.10721115652329578,24,0
0.052976105362176895,0.0,0.1640112694898612,50,0
0.052976105362176895,0.0,0.1640112694898612,50,0
0.052976105362176895,0.0,0.1640112694898612,50,0
0.052976105362176895,0.0,0.1640112694898612,50,0
0.052976105362176895,0.0,0.1640112694898612,50,0
-0.2281808853149414,0.0,0.23046590108405327,29,0
-0.2281808853149414,0.0,0.23046590108405327,29,0
-0.2281808853149414,0.0,0.23046590108405327,29,0
-0.2281808853149414,0.0,0.23046590108405327,29,0
-0.07857845723628998,0.0,0.1817656982958096,46,0
-0.07857845723628998,0.0,0.1817656982958096,46,0
-0.07857845723628998,0.0,0.1817656982958096,46,0
-0.13774311542510986,0.0,0.08913409024146235,7,0
-0.13774311542510986,0.0,0.08913409024146235,7,0
-0.13774311542510986,0.0,0.08913409024146235,7,0
0.031476691365242004,0.0,0.2679059930790767,15,0
0.031476691365242004,0.0,0.2679059930790767,15,0
-0.04601385071873665,0.0,0.12763293750213317,12,0
-0.04601385071873665,0.0,0.12763293750213317,12,0
0.33104121685028076,0.0,0.18395171545034772,12,0
0.33104121685028076,0.0,0.18395171545034772,12,0
0.33104121685028076,0.0,0.18395171545034772,12,0
0.33104121685028076,0.0,0.18395171545034772,12,0
0.33104121685028076,0.0,0.18395171545034772,12,0
0.33104121685028076,0.0,0.18395171545034772,12,0
0.33104121685028076,0.0,0.18395171545034772,12,0
0.33104121685028076,0.0,0.18395171545034772,12,0
0.26432615518569946,0.0,0.23889293025923733,67,0
0.26432615518569946,0.0,0.23889293025923733,67,0
-0.12797537446022034,0.0,0.02949103055111631,5,0
-0.12797537446022034,0.0,0.02949103055111631,5,0
0.04221184924244881,0.0,0.15065483059372764,17,0
0.04221184924244881,0.0,0.15065483059372764,17,0
-0.08938034623861313,0.0,0.10540291446187602,4,0
-0.08938034623861313,0.0,0.10540291446187602,4,0
-0.08938034623861313,0.0,0.10540291446187602,4,0
-0.08938034623861313,0.0,0.10540291446187602,4,0
-0.08938034623861313,0.0,0.10540291446187602,4,0
-0.08938034623861313,0.0,0.10540291446187602,4,0
-0.08938034623861313,0.0,0.10540291446187602,4,0
-0.08938034623861313,0.0,0.10540291446187602,4,0
-0.15868929028511047,0.0,0.2213677468968357,51,0
-0.15868929028511047,0.0,0.2213677468968357,51,0
-0.10380274802446365,0.0,0.0,2,0
-0.10380274802446365,0.0,0.0,2,0
0.028508106246590614,0.0,0.07445854669469751,11,0
0.028508106246590614,0.0,0.07445854669469751,11,0
-0.07152065634727478,0.0,0.08906626312171345,8,0
-0.07152065634727478,0.0,0.08906626312171345,8,0
0.09826686233282089,0.0,0.07339717960507866,15,0
0.09826686233282089,0.0,0.07339717960507866,15,0
0.09826686233282089,0.0,0.07339717960507866,15,0
0.12525677680969238,0.0,0.26301615760559593,45,0
0.12525677680969238,0.0,0.26301615760559593,45,0
0.12525677680969238,0.0,0.26301615760559593,45,0
-0.04824770987033844,0.0,0.28594501344131623,10,0
-0.04824770987033844,0.0,0.28594501344131623,10,0
-0.04824770987033844,0.0,0.28594501344131623,10,0
-0.07378076016902924,0.0,0.009580162661763,6,0
-0.07378076016902924,0.0,0.009580162661763,6,0
-0.07378076016902924,0.0,0.009580162661763,6,0
-0.07378076016902924,0.0,0.009580162661763,6,0
-0.1233135238289833,0.0,0.030576835618678088,5,0
-0.1233135238289833,0.0,0.030576835618678088,5,0
-0.1233135238289833,0.0,0.030576835618678088,5,0
-0.11885184794664383,0.0,0.07411740309796942,10,0
-0.11885184794664383,0.0,0.07411740309796942,10,0
-0.11885184794664383,0.0,0.07411740309796942,10,0
-0.11885184794664383,0.0,0.07411740309796942,10,0
0.14798977971076965,0.0,0.1680308914182887,21,0
0.14798977971076965,0.0,0.1680308914182887,21,0
0.10564115643501282,0.0,0.1840076194631633,26,0
0.10564115643501282,0.0,0.1840076194631633,26,0
0.10564115643501282,0.0,0.1840076194631633,26,0
0.10564115643501282,0.0,0.1840076194631633,26,0
0.10564115643501282,0.0,0.1840076194631633,26,0
0.10564115643501282,0.0,0.1840076194631633,26,0
0.10564115643501282,0.0,0.1840076194631633,26,0
0.12733963131904602,0.0,0.25516817109056966,65,0
0.12733963131904602,0.0,0.25516817109056966,65,0
0.12733963131904602,0.0,0.25516817109056966,65,0
0.32898086309432983,0.0,0.23367681905963153,26,0
0.32898086309432983,0.0,0.23367681905963153,26,0
0.32898086309432983,0.0,0.23367681905963153,26,0
0.016265593469142914,0.0,0.07383452436602704,17,0
0.016265593469142914,0.0,0.07383452436602704,17,0
0.016265593469142914,0.0,0.07383452436602704,17,0
0.09117548912763596,0.0,0.20375397262812836,19,0
0.09117548912763596,0.0,0.20375397262812836,19,0
